Url,meta_description
https://www.escala24x7.com/,"Soluciones con enfoque Cloud Done Right®: migración, IA generativa, data y seguridad en AWS para maximizar valor y continuidad a tu negocio."
https://www.escala24x7.com/assessments-de-seguridad,"Soluciones con enfoque Cloud Done Right®: migración, IA generativa, data y seguridad en AWS para maximizar valor y continuidad a tu negocio."
https://www.escala24x7.com/aws-cloud-operation,"Soluciones con enfoque Cloud Done Right®: migración, IA generativa, data y seguridad en AWS para maximizar valor y continuidad a tu negocio."
https://www.escala24x7.com/aws-cloud-operations,"Soluciones con enfoque Cloud Done Right®: migración, IA generativa, data y seguridad en AWS para maximizar valor y continuidad a tu negocio."
https://www.escala24x7.com/aws-cloud-operations-en,"Soluciones con enfoque Cloud Done Right®: migración, IA generativa, data y seguridad en AWS para maximizar valor y continuidad a tu negocio."
https://www.escala24x7.com/blog/10-elementos-de-aws-esenciales-para-mejorar-la-seguridad-en-su-cuenta/,En este artículo buscamos hacerle conocer 10 elementos fundamentales para mejorar la seguridad en una cuenta o carga de trabajo en AWS
https://www.escala24x7.com/blog/5-estrategias-de-ahorro-al-contratar-servicios-aws/,5 estrategias de ahorro al contratar servicios AWS
https://www.escala24x7.com/blog/6-tendencias-cloud-2024-para-empresas-en-america-latina/,"Escala 24x7, Socio AWS del Año - LATAM, lidera la transformación en la nube en 2024. Descarga el eBook para guiar tu empresa en la era digital. ¡Contáctanos!"
https://www.escala24x7.com/blog/a-new-era-in-ibmi-and-aix-modernization-the-connectria-aws-agreement-and-its-positive-impact-for-escala-24x7-customers/,"Connectria and AWS's recent Strategic Collaboration Agreement, supported by Escala 24x7, is a milestone in modernizing IBM systems for AWS cloud. Simplifying the process, it promises growth and innovation for businesses in Latin America."
https://www.escala24x7.com/blog/abc-de-un-datalake/,"Los lagos de datos con tecnología de AWS, están respaldados por la disponibilidad inigualable de Amazon S3 y pueden manejar los siguientes 3 enfoques: la escala, la agilidad y la flexibilidad."
https://www.escala24x7.com/blog/administracion-delegada-de-aws-sso/,Administración delegada de AWS SSO
https://www.escala24x7.com/blog/agilidad-la-tendencia-que-cobra-mas-fuerza-dia-a-dia/,"Durante muchos años, y a lo largo del desarrollo de mi vida profesional y académica, he observado como cliente interno y usuario de sistemas de información, como los CIO y los CFO batallan entre la rapidez de tener recursos tecnológicos y su costo."
https://www.escala24x7.com/blog/agilizando-los-backups-de-sistemas-sap-hana-con-el-agente-backint-de-aws/,Agilizando los Backups de sistemas SAP HANA con el agente Backint de AWS
https://www.escala24x7.com/blog/ai-for-finops-como-la-inteligencia-artificial-transforma-la-gestion-financiera-en-la-nube/,"Descubre cómo AI for FinOps combina Inteligencia Artificial y prácticas FinOps para optimizar costos en la nube, mejorar la toma de decisiones y maximizar el retorno de inversión en AWS."
https://www.escala24x7.com/blog/allianz-migra-el-primer-exadata-de-oracle-a-aws-en-la-region-con-el-apoyo-de-escala-24x7/,"Allianz migra el primer exadata de Oracle a AWS en la región, con el apoyo de Escala 24x7"
https://www.escala24x7.com/blog/amazon-sigue-apostando-por-la-sostenibilidad-ambiental-con-su-nueva-herramienta-para-medir-la-huella-de-carbono-de-sus-clientes/,"Hay diversas organizaciones de toda índole que están trabajando para establecer objetivos de sustentabilidad y asumiendo compromisos para alcanzarlos. En pro de brindarles mayor visibilidad sobre la huella de carbono de su infraestructura de nube, AWS desarrolló una nueva herramienta de Huella de Carbono"
https://www.escala24x7.com/blog/amazon-workspaces-ayuda-a-las-pymes-a-dejar-los-servidores/,"Amazon WorkSpaces puede ofrecer espacios de trabajo virtuales para un sinnúmero de usuarios, con un entorno administrado y un asequible sistema de pago por uso."
https://www.escala24x7.com/blog/arquitectura-madura-ia-generativa-escalar-con-confianza/,"Descubre cómo diseñar una arquitectura madura de IA generativa que combine datos, seguridad y escalabilidad para impulsar innovación con confianza."
https://www.escala24x7.com/blog/asi-vivimos-en-escala-24x7-el-fallo-de-crowdstrike-una-cronica-de-resiliencia-y-trabajo-en-equipo/,"Una actualización de CrowdStrike causó una interrupción masiva en sistemas Windows. Escala 24x7 respondió rápidamente, recuperando los workspaces afectados de un cliente a través de trabajo en equipo y soluciones personalizadas."
https://www.escala24x7.com/blog/aws-quicksight-despliegue-de-graficas-historicas-de-las-metricas-de-aws-connect/,"AWS Connect, es una herramienta de centro de contactos en la nube que proporciona una experiencia ágil y continua de las comunicaciones por voz y chat para todos sus clientes y agentes."
https://www.escala24x7.com/blog/aws-y-escala-24x7-los-lideres-indiscutibles-en-servicios-en-la-nube-en-america-latina-para-2023/,AWS lidera los servicios en la nube en América Latina en 2023 según IDC MarketScape. Su alianza con Escala 24x7 ofrece soluciones de transformación digital y expertise regional.
https://www.escala24x7.com/blog/banesco-seguros-republica-dominicana-convierte-lo-intangible-en-confiable-con-aws-y-escala-24x7/,"Se disponen entonces a analizar diversos proveedores en búsqueda de una herramienta robusta que garantizase los niveles de disponibilidad y seguridad que buscaban, características que encontraron en Amazon Web Services, líderes en brindar infraestructura como servicio. Una vez definido el proveedor, deciden dar este paso de la mano de Escala 24x7, un partner con un número importante de migraciones exitosas, que ofrecía costos razonables y tiempos atractivos."
https://www.escala24x7.com/blog/bias-drift-decay-como-gobernar-la-ai-con-confianza/,"Cómo gobernar la IA con confianza frente a bias, drift y decay. Descubre cómo un enfoque sólido de Gobierno de IA permite anticipar riesgos, mantener el control y sostener el valor del negocio en el tiempo."
https://www.escala24x7.com/blog/blindando-el-futuro-digital-estrategias-de-seguridad-en-aws-para-ejecutivos-c-level/,"Descubre cómo los líderes empresariales pueden fortalecer la resiliencia digital mediante estrategias de seguridad en AWS, combinando prácticas avanzadas y decisiones estratégicas para proteger activos en la nube."
https://www.escala24x7.com/blog/cabal-mimetiza-el-dinamismo-del-mundo-financiero-con-aws-y-escala-24x7/,Cabal mimetiza el dinamismo del mundo financiero con AWS y Escala 24x7
https://www.escala24x7.com/blog/cata-de-ciberseguridad-una-experiencia-unica-en-republica-dominicana-junto-a-aws-trendmicro-y-escala-24x7/,"El pasado 25 de mayo, se celebró un evento excepcional en República Dominicana que fusionó el mundo de la ciberseguridad con el placer de degustar vinos de calidad en Cava Alta"
https://www.escala24x7.com/blog/celebramos-una-nueva-edicion-de-desayuna-con-los-expertos-de-aws-y-escala-24x7-en-chile/,El pasado martes 27 de septiembre realizamos una nueva edición de: Desayuna con los expertos de AWS y Escala 24x7 en Santiago de Chile.
https://www.escala24x7.com/blog/ciberseguridad-e-innovacion-una-experiencia-exclusiva-en-el-metaverso-de-escala-24x7-con-aws-y-trend-micro/,"Escala 24x7, AWS y Trend Micro organizaron un evento virtual en el Metaverso de Escala 24x7, explorando soluciones de ciberseguridad en entornos virtuales interactivos. Expertos presentaron tendencias y soluciones, mientras los participantes disfrutaron de una experiencia inmersiva."
https://www.escala24x7.com/blog/cloud-foundations-el-acelerador-de-tu-transformacion-a-la-nube/,"Cloud Foundations de Escala 24x7: Tu aliado en la adopción de la nube, simplificando, asegurando y optimizando, respaldado por historias de éxito"
https://www.escala24x7.com/blog/cloud-solutions-provider-reduce-70-tiempos-de-auditoria-con-ia/,"Una empresa tecnológica en LATAM transformó su auditoría interna al reducir en 70% el tiempo de respuesta con IA en AWS, gracias a una solución conjunta con Escala 24x7.
El uso de Amazon Bedrock, arquitectura sin servidor y automatización DevOps optimizó recursos, elevando la precisión y liberando al equipo para decisiones estratégicas."
https://www.escala24x7.com/blog/como-cumplir-con-las-regulaciones-de-seguridad-en-la-nube-para-servicios-financieros-en-peru-en-2025/,"Escala 24x7, en colaboración con AWS y la Superintendencia de Banca, Seguros y AFP (SBS), organizó un desayuno en Lima, Perú, para líderes del sector financiero. Hablamos sobre los desafíos y oportunidades de la nube en 2025, con un foco en cómo cumplir con regulaciones y asegurar la protección de los datos."
https://www.escala24x7.com/blog/como-escala-24x7-mejora-la-productividad-de-su-empresa-utilizando-appstream-2-0/,Como Escala 24x7 mejora la productividad de su empresa utilizando Appstream 2.0
https://www.escala24x7.com/blog/como-la-nube-se-esta-convirtiendo-en-una-realidad-favorable-para-el-sector-financiero/,Las instituciones financieras se encuentran ahora con una gran oportunidad para hacer uso de tecnologías emergentes como la nube y lograr una transformación digital favorable para su negocio.
https://www.escala24x7.com/blog/como-migrar-sus-bases-de-datos-a-la-nube-de-aws-de-manera-facil-segura-practica-y-economica/,"Uno de los recursos más importantes, dentro de una organización son sus datos tanto históricos como transaccionales. La data para toda empresa tiene un valor incalculable, por lo que mantener la disponibilidad, fiabilidad, escalabilidad y la eficiencia es un reto constante."
https://www.escala24x7.com/blog/como-recuperarse-de-una-falla-en-instancias-ec2-que-alojan-sistemas-sap/,¿Cómo recuperarse de una falla en instancias EC2 que alojan sistemas SAP?
https://www.escala24x7.com/blog/connectria-y-escala-24x7-anuncian-alianza-para-atender-a-los-clientes-ibm-de-latam/,Connectria y Escala 24x7 anuncian alianza para atender a los clientes IBM de LATAM
https://www.escala24x7.com/blog/conoce-que-es-el-map-y-como-puede-ayudarte-a-migrar-tu-proyecto-a-la-nube/,"Las migraciones empresariales pueden ser muy complejas y llevar mucho tiempo entre la planificación y la ejecución. Para facilitar y agilizar este proceso a las organizaciones que están considerando migrar a la nube, Amazon Web Services (AWS) creó el programa Migration Acceleration Program (MAP), basado en su experiencia migrando a miles de organizaciones a la nube."
https://www.escala24x7.com/blog/contenedores-windows-sobre-ecs/,Contenedores Windows sobre ECS
https://www.escala24x7.com/blog/corporacion-talentum-reduce-un-50-en-tiempos-de-despliegue-y-desarrollo-junto-a-aws-y-escala-24x7/,"Corporación Talentum, una reconocida ONG colombiana, se asoció con AWS y Escala 24x7 para reducir en un 50% los tiempos de despliegue y desarrollo a través de una gestión eficiente de la infraestructura en la nube. Esta colaboración les ha brindado seguridad, experiencia y soporte, permitiendo la expansión de Talentum a mercados internacionales."
https://www.escala24x7.com/blog/costa-rica-vivio-la-experiencia-habilitando-la-productividad-hibrida-con-amazon-connect-amazon-appstream-2-0-con-aws-y-escala-24x7/,"El pasado jueves 09 de febrero se dieron cita 16 profesionales del área de TI, quienes pudieron descubrir y fortalecer habilidades en la construcción de espacios de trabajo digital a través de las funcionalidades de AWS Connect y Amazon AppStream 2.0"
https://www.escala24x7.com/blog/credix-logra-la-eficiencia-de-costos-de-iaas-con-el-apoyo-constante-de-escala-24x7/,Credix logra la eficiencia de costos de IaaS con el apoyo constante de Escala 24x7
https://www.escala24x7.com/blog/de-silos-a-decisiones-la-transformacion-energetica-en-sudamerica-con-aws-y-escala-24x7/,Las empresas energéticas en Sudamérica están rompiendo silos con AWS y Escala 24x7. Descubre cómo transformar datos en decisiones estratégicas.
https://www.escala24x7.com/blog/descifrando-el-futuro-la-promesa-de-la-ia-generativa-en-la-era-aws/,El evento organizado por Escala 24x7 en las oficinas de Amazon Web Services en Ciudad de México el 7 de septiembre se centró en la Inteligencia Artificial Generativa y su impacto en el mundo empresarial.
https://www.escala24x7.com/blog/descifrando-la-inteligencia-artificial-y-la-ia-generativa/,"IA generativa en finanzas: revolución para la banca. Automatiza tareas, reduce costos, mejora la experiencia del cliente y aumenta la seguridad. AWS e Escala 24x7 te ayudan a adoptarla."
https://www.escala24x7.com/blog/descubriendo-el-fascinante-mundo-de-la-nube-con-aws-y-escala-24x7/,"Exploramos la nube de AWS, desmitificando términos en nuestro glosario de Cloud Computing. Descárgalo para una guía clara en el fascinante mundo de la nube."
https://www.escala24x7.com/blog/descubriendo-horizontes-en-kubecon-cloudnativecon-2023/,"Escala 24x7 destaca avances en KubeCon 2023, resaltando soluciones AWS y la importancia de ArgoCD en GitOps para despliegues eficientes y seguros."
https://www.escala24x7.com/blog/develando-el-exito-en-la-nube-estrategias-para-maximizar-el-roi-empresarial/,"Evento en Bogotá sobre estrategias cloud para maximizar ROI. Se habló de migraciones exitosas, resiliencia, FinOps y colaboración entre Escala 24x7 y AWS para una adopción personalizada."
https://www.escala24x7.com/blog/document-manager-de-danaconnect-gana-alta-disponibilidad-escalabilidad-y-seguridad-en-aws/,"Document Manager de DANAConnect gana alta disponibilidad, escalabilidad y seguridad en AWS"
https://www.escala24x7.com/blog/dominando-desafios-y-soluciones-en-seguridad-publica-y-recuperacion-de-desastres/,"Escala 24x7, líder en América Latina en Public Safety de AWS, ofrece soluciones personalizadas para desafíos tecnológicos y recuperación ante desastres. ¡Prepárate con nosotros!"
https://www.escala24x7.com/blog/ecuador-se-suma-a-la-ola-de-productividad-hibrida-con-amazon-workspaces-y-appstream-2-0-junto-a-aws-y-escala-24x7/,"El 16 de mayo se llevó a cabo el WorkShop ""Habilitando la productividad híbrida con Amazon WorkSpaces y Amazon AppStream 2.0"" en Quito, Ecuador, en las instalaciones del Swissote, en el centro del mundo."
https://www.escala24x7.com/blog/el-costo-de-la-no-innovacion/,"En un entorno empresarial donde la tecnología moldea la competencia, la adopción de la nube emerge como imperativo. Empresas que muestran reticencia hacia esta transición se exponen a pérdida de eficiencia y competitividad."
https://www.escala24x7.com/blog/el-grupo-stefanini-anuncia-la-adquisicion-del-partner-principal-de-aws-en-america-latina/,"¡Tenemos excelentes noticias para compartir! Escala 24x7 se une al Grupo Stefanini en una alianza estratégica que nos permitirá ofrecerles soluciones AWS aún más robustas e innovadoras, impulsando la transformación digital de su organización con mayor fuerza."
https://www.escala24x7.com/blog/el-valor-de-contar-con-expertos-celebrando-el-compromiso-de-excelencia-con-nuestros-clientes/,Escala 24x7 destaca la importancia de las certificaciones AWS y celebra su logro en obtener la distinción de certificación de APN.
https://www.escala24x7.com/blog/encuentro-exclusivo-con-connectria-aws-y-escala-24x7-abordando-soluciones-hibridas-y-eficaces-en-la-nube/,"Los días 21 y 23 de marzo, en las oficinas de AWS en Chile y The Westin Lima Hotel & Convention en Perú, celebramos encuentros exclusivos organizados por Connectria, AWS y Escala 24x7."
https://www.escala24x7.com/blog/entaeh-ofrece-su-excelente-soporte-sap-con-el-apoyo-de-aws-y-escala-24x7/,"Con el apoyo de Escala 24x7 ENTAEH ya ha comenzado a implementar distintas soluciones de SAP con el soporte de Escala 24x7 y han logrado superar 3 verificaciones de SAP, manteniendo su status de Gold y de PCOE (Partner Center Of Expertise)."
https://www.escala24x7.com/blog/escala-24-7-es-el-primer-y-unico-partner-en-conseguir-la-competencia-de-energia-de-aws/,"Escala 24x7 anunció hoy que ha alcanzado la Competencia de Energía de Amazon Web Services, Inc. (AWS). Esta designación reconoce que Escala 24x7 ha demostrado una amplia experiencia ayudando a los clientes a aprovechar la tecnología en la nube de AWS para transformar sistemas complejos y acelerar la transición hacia un futuro energético sostenible."
https://www.escala24x7.com/blog/escala-24x7-acelera-la-transformacion-digital-de-sus-clientes-comprobando-su-experiencia-en-devops/,"Escala 24x7 acelera la Transformación Digital de sus clientes, comprobando su experiencia en DevOps"
https://www.escala24x7.com/blog/escala-24x7-achieves-aws-premier-partner-status/,Escala 24x7 Achieves AWS Premier Partner Status
https://www.escala24x7.com/blog/escala-24x7-alcanza-un-nuevo-peldano-primero-en-latinoamerica-en-probar-su-experticia-en-cloud-operations-de-aws/,"Escala 24x7 destaca como líder en Cloud Operations de AWS en Latinoamérica, brindando soluciones integrales y eficientes para gobernanza, costos y seguridad en la nube, con 11 competencias."
https://www.escala24x7.com/blog/escala-24x7-announces-support-for-application-operations-on-aws/,"Escala 24x7, AWS Premier Partner in Latin America, enhances support with AWS Application Operations for streamlined application management and improved customer outcomes."
https://www.escala24x7.com/blog/escala-24x7-anuncia-el-soporte-a-application-operations-en-aws/,"Escala 24x7, Partner Premier de AWS , da su respaldo a Application Operations en AWS ya que fortalece la gestión de recursos, proporcionando a los usuarios una visión integral para monitorear costo, salud, seguridad y rendimiento de aplicaciones."
https://www.escala24x7.com/blog/escala-24x7-apoya-al-centro-financiero-bhd-en-la-implementacion-de-aws-para-billet-una-nueva-solucion-financiera/,"Se llevó a cabo el lanzamiento de Billet, una innovadora solución financiera para el mercado dominicano con el respaldo del Centro Financiero BHD. Escala 24x7 tuvo el honor de aportar a esta novedosa solución como socio encargado de la implementación de los servicios de AWS para el proyecto de Billet"
https://www.escala24x7.com/blog/escala-24x7-cautivo-a-los-participantes-del-aws-summit-bogota-2022/,El 4 de octubre se celebró el AWS Summit Bogotá 2022 y Escala 24x7 participó como patrocinante
https://www.escala24x7.com/blog/escala-24x7-certificacion-ola-qualified-partner-de-aws-un-paso-mas-hacia-la-excelencia-en-la-nube/,"Escala 24x7, socio principal de AWS en Latinoamérica, obtuvo la certificación OLA de AWS. Esto permite a Escala 24x7 realizar evaluaciones para optimizar los recursos tecnológicos de sus clientes, logrando ahorros de hasta 36% en cómputo y 49% en licencias."
https://www.escala24x7.com/blog/escala-24x7-comprueba-su-experticia-en-data-y-analitica-obteniendo-una-decima-competencia-de-aws/,"Escala 24x7 obtiene la competencia de Data y Analítica de AWS, fortaleciendo su portafolio de especialidades y su capacidad para ofrecer soluciones avanzadas en la nube."
https://www.escala24x7.com/blog/escala-24x7-confirma-su-profunda-experiencia-en-servicios-de-consultoria-de-seguridad-aws-actualizando-su-competencia-de-seguridad-en-el-2022/,"Este re-lanzamiento representa un reto más alto, lleno de nuevos requisitos y conceptos, que requirió que Escala fuese más allá de los servicios de seguridad de AWS, demostrando ser un referente no solo en la tecnología de AWS sino en el campo de la seguridad cibernética."
https://www.escala24x7.com/blog/escala-24x7-da-potencia-a-su-operacion-en-republica-dominicana-con-el-nombramiento-de-robert-f-santos-como-business-development-manager/,Escala 24x7 da potencia a su operación en República Dominicana con el nombramiento de Robert F. Santos como  Business Development Manager
https://www.escala24x7.com/blog/escala-24x7-demuestra-su-experiencia-en-el-sector-financiero-alcanzando-una-nueva-certificacion/,"Escala 24x7 demuestra su experiencia en el sector financiero, alcanzando una nueva certificación"
https://www.escala24x7.com/blog/escala-24x7-dice-presente-en-el-aws-summit-mexico-2022/,El pasado 21 y 22 de septiembre la Expo Santa Fe de Ciudad de México fue el lugar que recibió a toda la comunidad cloud para disfrutar del AWS Summit México 2022.
https://www.escala24x7.com/blog/escala-24x7-dijo-presente-en-el-finnosummit-connect-de-mexico/,"El Finnosummit de México, se llevó a cabo en Cancún entre el 14 y el 17 de febrero."
https://www.escala24x7.com/blog/escala-24x7-dives-deep-into-generative-ai-security-resilience-cloudops-and-next-gen-devops-at-the-aws-partnerequip-seattle-2024/,"Escala 24x7 leads cloud innovation at #AWSPartnerEquip, gains exclusive AWS insights for client solutions."
https://www.escala24x7.com/blog/escala-24x7-en-el-aws-cloud-experience-bogota-2023-una-experiencia-de-innovacion/,Escala 24x7 destaca en el AWS Cloud Experience Bogotá 2023 con charlas sobre modernización bancaria usando AWS y fortalece alianzas estratégicas para la innovación tecnológica.
https://www.escala24x7.com/blog/escala-24x7-en-el-epicentro-de-la-innovacion-una-gran-experiencia-en-el-aws-summit-ciudad-de-mexico-2023/,"En el AWS Summit Ciudad de México 2023, Escala 24x7 junto a CAST AI, Dynatrace e Intel, lideraron discusiones sobre nube, fomentando colaboración e innovación. El evento dejó lecciones, conexiones y emoción por futuras oportunidades de crecimiento en el mundo de AWS. ¡Hasta la próxima, México! 🚀🇲🇽"
https://www.escala24x7.com/blog/escala-24x7-en-el-foro-de-innovacion-y-emprendimiento-una-vision-hacia-la-sostenibilidad/,"Escala 24x7 promueve la innovación con impacto social y la sostenibilidad empresarial en el Foro IMEF, buscando un futuro inclusivo y responsable. #GoGreenWithEscala24x7"
https://www.escala24x7.com/blog/escala-24x7-en-el-volcano-innovation-summit-2024-una-explosion-de-innovacion-y-transformacion/,"El Volcano Innovation Summit 2024 impulsó la innovación en Latinoamérica. Escala 24x7 compartió su experiencia en transformación digital, inspirando a los asistentes a construir un futuro lleno de posibilidades."
https://www.escala24x7.com/blog/escala-24x7-en-the-data-journey-una-jornada-de-aprendizaje-e-inclusion/,"Escala 24x7 patrocina ""The Data Journey"" en Argentina, evento destacado en Data y Analytics en América Latina, enfocándose en inclusión y liderazgo en tecnología."
https://www.escala24x7.com/blog/escala-24x7-es-ahora-socio-premier-de-aws/,Escala 24x7 es ahora Socio Premier de AWS
https://www.escala24x7.com/blog/escala-24x7-es-ahora-un-advanced-partner-de-aws/,"Escala 24x7 es ahora un Advanced Partner de AWS, lo que demuestra su experiencia y compromiso de en ayudar a clientes de todos los tamaños a diseñar, proyectar, crear, migrar y administrar cargas de trabajo y aplicaciones en AWS."
https://www.escala24x7.com/blog/escala-24x7-es-ahora-un-well-architected-partner/,¡Escala 24x7 es ahora un Well-Architected Partner!
https://www.escala24x7.com/blog/escala-24x7-es-el-migration-partner-of-the-year-2022-para-latinoamerica/,AWS reconoce a Escala 24x7 como líder en la tarea de apoyar a los clientes de LATAM a impulsar la innovación a través de migraciones exitosas.
https://www.escala24x7.com/blog/escala-24x7-es-el-primer-miembro-de-la-finops-foundation-en-latam/,"FinOps es una disciplina de gestión financiera en la nube y una práctica cultural que permite a las organizaciones obtener el máximo valor comercial al ayudar a los equipos de ingeniería, finanzas, tecnología y negocios a colaborar en las decisiones de gasto basadas en datos"
https://www.escala24x7.com/blog/escala-24x7-es-el-primer-partner-de-aws-en-latam-en-obtener-el-aws-security-competency/,Escala 24x7 es el primer partner de AWS en LATAM en obtener el AWS Security Competency
https://www.escala24x7.com/blog/escala-24x7-es-el-primer-partner-en-latam-en-conseguir-la-competencia-de-public-safety-disast/,"Escala 24x7, socio consultor avanzado de AWS y uno de los más grandes de LATAM, anunció hoy que ha logrado la Competencia de Seguridad Pública y Respuesta a Desastres de Amazon Web Services (AWS)."
https://www.escala24x7.com/blog/escala-24x7-es-el-primer-y-unico-partner-en-conseguir-la-competencia-de-energia-de-aws/,"Escala 24x7 anunció hoy que ha alcanzado la Competencia de Energía de Amazon Web Services, Inc. (AWS). Esta designación reconoce que Escala 24x7 ha demostrado una amplia experiencia ayudando a los clientes a aprovechar la tecnología en la nube de AWS para transformar sistemas complejos y acelerar la transición hacia un futuro energético sostenible."
https://www.escala24x7.com/blog/escala-24x7-es-reconocida-con-el-premio-aws-rising-star-partner-of-the-year-en-el-partner-summit-2022-en-santiago-de-chile/,Escala 24x7 fue galardonada con el premio “AWS Rising Star Partner of the Year” en el Partner Summit 2022 en Santiago de Chile
https://www.escala24x7.com/blog/escala-24x7-es-reconocida-con-tres-premios-en-el-partner-summit-de-centroamerica-y-caribe/,"Escala 24x7 fue reconocida con los premios “AWS Service Partner of the Year”, “AWS Migration & Modernización Partner of the Year” y “AWS Enterprise Workload Partner of the Year” en el Partner Summit de Centroamérica y Caribe 2022."
https://www.escala24x7.com/blog/escala-24x7-es-reconocido-como-partner-del-ano-de-aws-por-segundo-ano-consecutivo/,"Escala 24x7, Partner del Año de AWS en LATAM por segundo año, destaca por innovación y servicio excepcionales, siendo líder en tecnología en la nube."
https://www.escala24x7.com/blog/escala-24x7-es-reconocido-como-system-integrator-of-the-year-para-latinoamerica/,"Escala 24x7 gana el premio ""System Integrator of the Year"" en el AWS Partner Summit de Latinoamérica por su destacada labor en soluciones en la nube."
https://www.escala24x7.com/blog/escala-24x7-es-reconocido-con-el-premio-global-public-sector-partner-award-de-aws/,Escala 24x7 es reconocido con el premio Global Public Sector Partner Award de AWS
https://www.escala24x7.com/blog/escala-24x7-es-reconocido-con-el-premio-well-architected-partner-of-the-year-en-el-partner-summit-de-bogota/,Escala 24x7 tuvo el gran honor de recibir el reconocimiento de “Well-Architected Partner of the Year” en el Partner Summit en la ciudad de Bogotá
https://www.escala24x7.com/blog/escala-24x7-es-reconocido-por-partida-doble-en-el-aws-partner-summit-2022-en-buenos-aires/,Escala 24x7 es reconocida con los premios “AWS Enterprise Workloads Partner of the Year” y “AWS Top Partner Marketing Performer of the Year” en el AWS Partner Summit 2022 en Bueos Aires.
https://www.escala24x7.com/blog/escala-24x7-es-reconocido-por-vmware-como-partner-certificado-en-vmware-cloud-on-aws/,"Escala 24x7 es certificado en ""VMware Cloud on AWS"", lo que permite migrar de manera exitosa a la nube de AWS desde VMware."
https://www.escala24x7.com/blog/escala-24x7-experto-en-migraciones-a-la-nube-de-aws/,"Escala 24x7, experto en Migraciones a la Nube de AWS"
https://www.escala24x7.com/blog/escala-24x7-formaliza-su-operacion-en-ecuador-llevando-la-innovacion-a-las-empresas-de-la-region/,Escala 24x7 ha iniciado formalmente su operación en Ecuador.
https://www.escala24x7.com/blog/escala-24x7-fortalece-su-portafolio-de-soluciones-para-pymes-en-latam-al-obtener-la-competencia-aws-smb/,"Escala 24x7 obtiene la competencia AWS SMB, consolidándose como líder en soluciones cloud para PYMES en Latam, impulsando su crecimiento y eficiencia."
https://www.escala24x7.com/blog/escala-24x7-ganadora-en-aws-partner-summit-2018-argentina/,Escala 24x7 ganadora en AWS Partner Summit 2018 Argentina
https://www.escala24x7.com/blog/escala-24x7-goles-de-innovacion-en-el-aws-summit-bogota-2024/,"Escala 24x7 brilló en AWS Summit Bogotá 2024 mostrando soluciones innovadoras en la nube, compromiso del equipo y agradeciendo a AWS y colaboradores."
https://www.escala24x7.com/blog/escala-24x7-ha-sido-designado-aws-consulting-partner-of-the-year-y-aws-migration-partner-of-the-year/,"En esta edición de los AWS Partner Awards, Escala 24x7, Partner Premier (Q3 2021) fue reconocido por partida doble, siendo acreditados con los títulos de “AWS Consulting Partner of the Year” y “AWS Migration Partner of the Year”"
https://www.escala24x7.com/blog/escala-24x7-habilita-el-trabajo-remoto-en-su-organizacion-con-tecnologias-de-aws/,Escala 24x7 habilita el trabajo remoto en su organización con tecnologías de AWS
https://www.escala24x7.com/blog/escala-24x7-inaugura-sus-nuevas-oficinas-en-la-ciudad-de-miami/,"El pasado 10 de noviembre Escala 24x7, Partner Premier de Amazon Web Services, inauguró sus nuevas oficinas en la ciudad de Aventura, Miami (USA)."
https://www.escala24x7.com/blog/escala-24x7-is-latams-migration-partner-of-the-year-2022/,AWS recognizes Escala 24x7 as a leader in helping LATAM customers drive innovation through successful migrations
https://www.escala24x7.com/blog/escala-24x7-lidera-el-ecosistema-aws-segun-isg-provider-lens-tm-2025/,"Escala 24x7 es reconocida por ISG Provider Lens™ 2025 como líder en AWS Professional Services, Managed Services y Enterprise Data Modernization & AI Services. Conoce cómo este reconocimiento impulsa la innovación en la nube y genera valor tangible para las organizaciones en América Latina."
https://www.escala24x7.com/blog/escala-24x7-lleva-la-nube-de-amazon-aws-a-panama/,"Durante el mes de marzo, Escala 24x7 estuvo en Panamá realizando un training de AWS con las diferentes empresas líderes de la región."
https://www.escala24x7.com/blog/escala-24x7-lo-apoya-en-la-migracion-de-sus-windows-server-legados/,Escala 24x7 está certificado por el “Programa de Migración de la Finalización del soporte para Windows Server” como un EMP Partner!
https://www.escala24x7.com/blog/escala-24x7-marca-tendencia-en-ciberseguridad-junto-a-banesco-y-aws/,"El #AWSDay de ciberseguridad contó con líderes de Banesco, GPPCN, AWS y Escala 24x7, destacando tendencias y soluciones para la seguridad digital."
https://www.escala24x7.com/blog/escala-24x7-obtiene-la-certificacion-iso-iec-27001-2022-para-tus-proyectos-en-aws/,"Escala 24x7 obtiene la certificación ISO/IEC 27001:2022, garantizando seguridad de la información, resiliencia y confianza en cada proyecto cloud sobre AWS."
https://www.escala24x7.com/blog/escala-24x7-obtiene-la-competencia-aws-en-genai-inteligencia-que-genera-valor-e-impulsa-resultados/,"Domina el poder de la IA generativa con Escala 24x7, ahora con la Competencia AWS en GenAI. Soluciones reales. Resultados medibles. ¿Listo para liderar?"
https://www.escala24x7.com/blog/escala-24x7-obtiene-la-competencia-de-sap-demostrando-su-trayectoria-y-experiencia-en-sap-on-aws/,"Escala 24x7 obtiene la competencia de SAP, demostrando su trayectoria y experiencia en SAP on AWS"
https://www.escala24x7.com/blog/escala-24x7-ofrecio-un-dinamico-y-exclusivo-meet-grill-en-la-ciudad-de-monterrey-mexico/,"El pasado 30 de marzo, la ciudad de Monterrey fue testigo de un dinámico encuentro en el que Escala 24x7 se alió con la Sociedad Mexicana de Parrilleros para ofrecer un exclusivo ""Meet & Grill"""
https://www.escala24x7.com/blog/escala-24x7-organiza-su-primer-desayuno-en-las-nuevas-oficinas-de-aws-en-chile/,Escala 24x7 organiza su primer desayuno en las nuevas oficinas de AWS en Chile
https://www.escala24x7.com/blog/escala-24x7-organiza-una-exclusiva-cata-de-vinos-para-las-empresas-dominicanas/,Escala 24x7 y Amazon Web Services organizaron una exclusiva cata de vinos de la mano Cava Alta para 30 representantes tecnológicos de prestigiosas empresas de República Dominicana.
https://www.escala24x7.com/blog/escala-24x7-organizo-un-after-office-exclusivo-para-el-equipo-de-banco-pichincha/,"Escala 24x7 y AWS organizaron, el pasado jueves 17 de noviembre, un after office con temática del Mundial Qatar 2022 a la cual asistieron 12 miembros del Banco Pichincha."
https://www.escala24x7.com/blog/escala-24x7-profundiza-sus-habilidades-tecnicas-en-el-awspartnerequip-2024-en-seattle/,"Escala 24x7 destaca en #AWSPartnerEquip 2024, confirmando su liderazgo en innovación tecnológica para el sector financiero. Acceso a la vanguardia de AWS para ofrecer soluciones personalizadas y seguras a nuestros clientes."
https://www.escala24x7.com/blog/escala-24x7-protege-y-monitoriza-los-recursos-esenciales-de-sus-clientes-en-aws-como-partner-experto-en-servicios-de-seguridad-administrados/,"Escala 24x7 se complace en anunciar que ha alcanzado la competencia Level 1 MSSP (Managed Security Service Provider) de Amazon Web Services (AWS), evitando fallas de seguridad para proteger y monitorizar los recursos esenciales de sus clientes."
https://www.escala24x7.com/blog/escala-24x7-reafirma-su-liderazgo-en-innovacion-tecnologica-participando-en-el-awspartnerequip-2025-en-seattle/,"El #AWSPartnerEquip 2025 fortalece las competencias de Escala 24x7 en AWS y nos permite anticiparnos a futuras innovaciones, garantizando a nuestros clientes soluciones más seguras, personalizadas y eficientes, alineadas con los retos de la industria financiera."
https://www.escala24x7.com/blog/escala-24x7-realizo-su-primer-programa-de-actualizacion-a-ejecutivos-de-la-mano-de-aws-colombia-e-inalde-business-school/,Escala 24x7 se unió con Amazon Web Services Colombia e Inalde Business School para llevar a cabo el programa de actualización a ejecutivos: “El Trabajador del Futuro y la Virtualización del Puesto de Trabajo”
https://www.escala24x7.com/blog/escala-24x7-realizo-una-nueva-edicion-de-su-cata-virtual-con-aws-esta-vez-para-el-sector-financiero/,"El pasado jueves 9 de junio, Escala 24x7 realizó una nueva edición de sus ya acostumbradas catas virtuales de la mano de Amazon Web Services, en esta ocasión enfocada al sector financiero"
https://www.escala24x7.com/blog/escala-24x7-realizo-una-nueva-edicion-del-workplace-transformation-day-en-medellin-de-la-mano-de-aws-y-el-inalde-business-school/,"Escala 24x7, AWS Colombia y el Inalde Business School organizaron una nueva edición del seminario presencial de actualización a ejecutivos “AWS Workplace Transformation Day: La Innovación en el Puesto de Trabajo”"
https://www.escala24x7.com/blog/escala-24x7-recibe-el-premio-apn-rising-star-of-2019/,Escala 24x7 recibe el premio “APN Rising Star of 2019”
https://www.escala24x7.com/blog/escala-24x7-recibe-el-think-big-award-en-bogota/,Escala 24x7 recibe el Think Big Award en Bogotá
https://www.escala24x7.com/blog/escala-24x7-recibe-mencion-como-innovation-partner-of-the-year-2019/,Escala 24x7 recibe mención como Innovation Partner of the year 2019
https://www.escala24x7.com/blog/escala-24x7-recognized-as-aws-partner-of-the-year-for-the-second-consecutive-year/,"Escala 24x7, AWS Partner of the Year in LATAM for the second consecutive year, stands out for outstanding innovation and service, solidifying its leadership in cloud technology."
https://www.escala24x7.com/blog/escala-24x7-reconocida-por-isg-provider-lens-tm-en-el-ecosistema-de-socios-aws-2024/,El reciente ISG Provider Lens™ AWS Ecosystem Partners 2024 destaca a Escala 24x7 como líder en el ecosistema de socios de AWS en México. Este primer informe de ISG sobre partners de AWS marca un hito que refuerza el rol de Escala 24x7 en la transformación digital de México y América Latina.
https://www.escala24x7.com/blog/escala-24x7-reconocida-por-su-labor-de-consultoria-y-equipo-experto-en-awsreinvent-2025/,Escala 24x7 es reconocida en AWS re:Invent 2025 por su liderazgo en certificaciones y su aporte estratégico como Consulting Partner en Latinoamérica.
https://www.escala24x7.com/blog/escala-24x7-reduce-costos-operativos-a-sus-clientes-en-un-51-promoviendo-migraciones-mas-rapidas-economicas-y-eficientes-para-las-empresas-de-latam/,"Si una de las metas de su organización para el 2023 es la de optimizar o migrar sus cargas de trabajo a la nube para poder así aumentar su ventaja competitiva, impulsar el valor comercial y modernizar su infraestructura, Escala 24x7, Partner Premier de Amazon Web Services (AWS), le brinda el apoyo necesario en este camino."
https://www.escala24x7.com/blog/escala-24x7-se-consolida-como-lider-regional-tras-ganar-por-segunda-vez-el-galardon-system-integrator-of-the-year-en-latam/,"En Escala 24x7, ganamos el premio ""System Integrator of the Year"" en el AWS Partner Summit en Bogotá y en Santiago de Chile. Líderes en soluciones cloud, estamos emocionados por lo que está por venir y agradecemos a nuestro equipo y clientes por su apoyo. ¡Sigamos haciendo historia!"
https://www.escala24x7.com/blog/escala-24x7-se-pone-la-camiseta-mexicana-en-el-aws-summit-2024/,"#AWSSummit México 2024 reunió a líderes tecnológicos en Expo Santa Fe. Escala 24x7, Sponsor Silver, reafirmó su compromiso con la computación en la nube."
https://www.escala24x7.com/blog/escala-24x7-se-une-al-aws-generative-ai-innovation-center-para-acelerar-la-innovacion-en-america-latina/,Escala 24x7 ha formado una alianza estratégica con el AWS Generative AI Innovation Center para ofrecer a las empresas en Latinoamérica acceso a soluciones de inteligencia artificial generativa de última generación.
https://www.escala24x7.com/blog/escala-24x7-y-aws-firman-un-acuerdo-de-colaboracion-estrategica-sca-para-acelerar-la-adopcion-de-nube-y-de-ia-generativa-en-latinoamerica/,"Escala 24x7 y AWS suscriben un Acuerdo de Colaboración Estratégica de cinco años, una alianza diseñada para acelerar la adopción de nube e IA Generativa en Latinoamérica, potenciando la innovación, modernización y transformación digital de las empresas en toda la región."
https://www.escala24x7.com/blog/escala-24x7-y-aws-impulsan-la-innovacion-financiera-en-el-congreso-nuam-asobolsa-cartagena-2024/,"Escala 24x7 y AWS lideraron sesiones en Congreso NUAM Asobolsa sobre innovación, IA, seguridad y nube en el sector financiero."
https://www.escala24x7.com/blog/escala-24x7-y-aws-organizan-una-nueva-edicion-de-su-cata-virtual-para-chile/,Escala 24x7 y AWS organizan una nueva edición de su cata virtual para Chile
https://www.escala24x7.com/blog/escala-24x7-y-aws-organizaron-el-primer-workshop-de-euc-en-la-ciudad-de-mexico/,"Escala 24x7 y AWS organizaron, en las oficinas de AWS en la Ciudad de México, el primer workshop EUC (AWS End User Computing), que se centró en cómo habilitar la productividad remota desde cualquier lugar y cualquier dispositivo con Escritorios Virtuales Administrados (DaaS)."
https://www.escala24x7.com/blog/escala-24x7-y-aws-organizaron-un-after-office-de-clase-mundial-en-la-ciudad-de-mexico/,"El pasado 4 de noviembre Escala 24x7 y AWS organizaron, en la Ciudad de México, un evento con temática del Mundial Qatar 2022 para 15 gerentes tecnológicos de importantes empresas de la región."
https://www.escala24x7.com/blog/escala-24x7-y-aws-realizan-el-aws-executive-loft-mexico-city-2022/,"El pasado 6 de septiembre Escala 24x7 realizó, junto con Amazon Web Services, el AWS Executive Loft Mexico City 2022, en el PH Sinaloa 195. El evento fue tan agradable como informativo, ya que asistieron 30 gerentes tecnológicos de importantes empresas mexicanas."
https://www.escala24x7.com/blog/escala-24x7-y-aws-realizan-una-nueva-edicion-de-su-meet-grill-ahora-para-empresas-de-cdmx/,"Escala 24x7 y AWS realizan una nueva edición de su Meet & Grill, ahora para empresas de CDMX"
https://www.escala24x7.com/blog/escala-24x7-y-danaconnect-potenciando-la-transformacion-digital-en-la-industria-financiera-y-de-seguros-con-inteligencia-artificial/,Escala 24x7 y DANAConnect se unen para impulsar la transformación digital en finanzas y seguros con IA. La automatización inteligente y la personalización mejoran la eficiencia y la experiencia del cliente.
https://www.escala24x7.com/blog/escala-24x7-y-su-impacto-en-el-estreno-del-aws-cloud-experience-en-peru/,"Escala 24x7 brilló como Gold Sponsor en el AWS Cloud Experience Perú. En un stand temático de Star Wars, atrajimos a visitantes, compartimos ideas y celebramos la tecnología. La charla de Agustín Carrizo sobre FinOps en AWS cautivó a la audiencia."
https://www.escala24x7.com/blog/escala-24x7-ya-esta-en-mexico/,"Escala abrio sus oficinas en Monterrey, México."
https://www.escala24x7.com/blog/escalando-la-ia-generativa-en-aws/,"Cómo escalar GenAI con éxito: estrategias, buenas prácticas y factores clave para convertir la IA generativa en valor real para tu organización."
https://www.escala24x7.com/blog/establishment-labs-asegura-la-salud-de-su-infraestructura-aws-con-el-apoyo-de-escala-24-7/,"Con más de 10 años en la fabricación de implantes mamarios, Establishment Labs se ha establecido como una empresa innovadora y progresiva en el mercado global. Día a día, su equipo se enfoca en mejorar sus prácticas y tecnologías, para ofrecer servicios de la más alta calidad, y bajo los más estrictos estándares."
https://www.escala24x7.com/blog/establishment-labs-asegura-la-salud-de-su-infraestructura-aws-con-el-apoyo-de-escala-24x7/,Establishment Labs asegura la salud de su infraestructura AWS con el apoyo de Escala 24x7
https://www.escala24x7.com/blog/establishment-labs-reduce-en-65-sus-costos-de-virtualizacion-de-aplicaciones-en-aws-implementando-una-estrategia-de-finops-junto-a-escala-24x7/,Establishment Labs migró a la nube de AWS en el año 2021 de la mano de Escala 24x7
https://www.escala24x7.com/blog/estas-maximizando-tu-inversion-en-la-nube-asi-lo-lograron-empresas-lideres-en-argentina-chile-y-peru-con-aws-y-escala-24x7/,"Empresas líderes en Argentina, Chile y Perú redujeron costos hasta un 90% y aceleraron su operación con AWS y Escala 24x7. Descubre cómo optimizar tu nube con impacto real en el negocio."
https://www.escala24x7.com/blog/exito-rotundo-en-el-workshop-habilitando-la-productividad-hibrida-con-amazon-workspaces-y-amazon-appstream-2-0-en-guatemala/,"El pasado 27 de abril, tuvo lugar en Guatemala el WorkShop, titulado ""EUC Habilitando la productividad híbrida con Amazon WorkSpaces y Amazon AppStream 2.0."
https://www.escala24x7.com/blog/financieras-de-costa-rica-compartieron-un-desayuno-exclusivo-junto-a-aws-y-escala-24x7/,Este 16 de marzo diferentes cooperativas financieras de Costa Rica compartieron un desayuno exclusivo junto al equipo de Escala 24x7 en las oficinas de Amazon Web Services.
https://www.escala24x7.com/blog/finops-ahorre-de-forma-sostenida/,"La visión de FinOps es hacer uso efectivo de cada dólar invertido en consumos cloud, permitiendo aportar valor al negocio y habilitar la flexibilidad de su uso que lleva a la innovación y ahorro de dinero."
https://www.escala24x7.com/blog/flybondi-se-apoya-en-aws-y-escala-24x7-para-brindar-la-libertad-de-volar-a-argentina/,Flybondi se apoya en AWS y Escala 24x7 para brindar la libertad de volar a Argentina
https://www.escala24x7.com/blog/futuro-digital-suramerica/,"La nube ya no es una opción, es una urgencia estratégica en Argentina, Chile y Perú. Descubre cómo Escala 24x7 ayuda a empresas de la región a transformar su TI en ventaja competitiva."
https://www.escala24x7.com/blog/genai-en-sudamerica-del-hype-a-la-ventaja-competitiva/,Descubre cómo empresas en Sudamérica ya están aplicando GenAI para generar valor real. Casos de uso y pasos clave para el éxito.
https://www.escala24x7.com/blog/grupo-almo-gana-visibilidad-y-estabilidad-en-aws-junto-a-escala-24x7/,Grupo Almo gana visibilidad y estabilidad en AWS junto a Escala 24x7
https://www.escala24x7.com/blog/grupo-mallen-implementa-war-para-potenciar-la-infraestructura-de-camsoft-junto-a-escala-24x7/,Grupo Mallen implementa WAR para potenciar la infraestructura de CAMSOFT junto a Escala 24x7
https://www.escala24x7.com/blog/grupo-quimmco-asume-el-reto-de-migrar-oracle-ebs-a-aws-con-escala-24x7-y-ot-consulting/,"Grupo Quimmco asume el reto de migrar Oracle EBS a AWS, con Escala 24x7 y OT Consulting"
https://www.escala24x7.com/blog/grupo-stefanini-anuncia-a-aquisicao-do-principal-parceiro-da-aws-na-america-latina/,"Temos excelentes notícias para compartilhar! A Escala 24x7 está se unindo ao Grupo Stefanini em uma aliança estratégica que nos permitirá oferecer a vocês soluções AWS ainda mais robustas e inovadoras, impulsionando a transformação digital da sua organização com ainda mais força."
https://www.escala24x7.com/blog/guou-finance-blinda-su-infraestructura-100-serverless-junto-a-aws-y-escala-24x7/,"Guou Finance, proyecto Fintech de Penta Financiero, nace hace 3 años como una red colaborativa donde proveedores y pagadores chilenos se comunican, cooperan y trabajan en conjunto, a través de una sólida plataforma de gestión con foco en la seguridad, transparencia y rapidez. Comprometidos con el desarrollo de soluciones innovadoras, este grupo de profesionales decide recurrir a AWS para sus necesidades de infraestructura."
https://www.escala24x7.com/blog/habilitando-federacion-sso-azure-con-amazon-quicksight/,"Si su organización usa Azure Active Directory (Azure AD) para aplicaciones en la nube, puede habilitar el inicio de sesión único (SSO) para aplicaciones como Amazon QuickSight sin necesidad de crear otra cuenta de usuario o recordar contraseñas."
https://www.escala24x7.com/blog/home-office-con-amazon-workspaces-tu-escritorio-a-un-click-de-distancia/,"Amazon WorkSpaces, una solución que permite administrar tu escritorio, sea Windows o Linux, con seguridad y rapidez, agilizando procesos a empresas con miles de usuarios. Una administración de hardware simple, con pago por uso (por mes o por hora) permite a los usuarios acceder a un escritorio rápido y con buena capacidad de respuesta, disponible en cualquier momento, lugar y desde cualquier dispositivo compatible."
https://www.escala24x7.com/blog/implementando-sap-gui-en-amazon-appstream-2-0/,Implementando SAP GUI en Amazon AppStream 2.0
https://www.escala24x7.com/blog/implementando-un-enterprise-service-bus-con-api-gateway-y-aws-fargate/,"A simple vista, un Enterprise Service Bus (ESB) no es más que una herramienta que facilita la integración de diferentes aplicaciones a través de un canal (bus) y que permite desacoplar los sistemas unos de otros."
https://www.escala24x7.com/blog/impulsando-la-innovacion-y-transformacion-de-cempro-en-el-primer-ebc-de-escala-24x7-junto-a-aws/,"En el primer EBC de Escala 24x7 y AWS en Miami, Cementos Progreso de Guatemala exploró la transformación digital con expertos, fortaleciendo su liderazgo en tecnología y colaboración."
https://www.escala24x7.com/blog/impulsando-la-resiliencia-financiera-en-america-latina-con-aws-y-escala-24x7/,"AWS y Escala 24x7 ofrecen soluciones clave para fortalecer la seguridad y eficiencia de instituciones financieras, adaptándose a fluctuaciones y garantizando continuidad operativa."
https://www.escala24x7.com/blog/impulsando-la-transformacion-digital-en-latinoamerica-workshop-con-aws-y-escala-24x7-en-chile/,"Escala 24x7 realizó un Workshop en Chile sobre Amazon WorkSpaces y AppStream 2.0, promoviendo soluciones en la nube y la productividad híbrida en Latinoamérica."
https://www.escala24x7.com/blog/imsa-inicia-su-carrera-hacia-la-nube-publica-migrando-sap-s-4hana-junto-a-aws-y-escala-24x7/,IMSA inicia su carrera hacia la nube pública migrando SAP S/4HANA junto a AWS y Escala 24x7
https://www.escala24x7.com/blog/innovacion-asegurada-la-nube-como-motor-de-cambio-en-la-industria-aseguradora/,"La nube transforma el sector asegurador, mejorando la personalización, la experiencia del cliente y la innovación. Escala 24x7, especializado en AWS, lidera la transformación digital."
https://www.escala24x7.com/blog/innovacion-y-pura-vida-la-experiencia-de-escala-24x7-en-el-aws-cloud-experience-san-jose-costa-rica-2023/,"Escala 24x7 destacó en el AWS Cloud Experience San José 2023 con innovación y compromiso, fortaleciendo alianzas y promoviendo soluciones en la nube en Latinoamérica."
https://www.escala24x7.com/blog/innovaciones-de-aws-en-el-re-invent-2023-impacto-en-el-sector-financiero/,"AWS Re:Invent 2023 presenta avances en IA, Aprendizaje Automático, Data & Analytics, Gestión, Seguridad. Destacan mejoras para transformación digital en finanzas."
https://www.escala24x7.com/blog/integracion-y-optimizacion-la-estrategia-que-redujo-en-42-los-costos-de-infraestructura-de-mirgor/,"Mirgor, una compañía argentina con 40 años de experiencia, utiliza tecnología para mejorar sectores como industrial, comercial y automotriz. Integraron la nube de AWS con Escala 24x7 para optimizar su infraestructura, logrando reducir tiempos y costos, y mejorando la disponibilidad y el análisis de datos. Buscan seguir innovando y creciendo con tecnología para ser líderes a nivel mundial."
https://www.escala24x7.com/blog/la-escalaneta-de-la-nube-escala-24x7-demuestra-trabajo-en-equipo-en-el-aws-cloud-experience-argentina/,"Escala 24x7 brilló en el AWS Cloud Experience Argentina, evento donde se destacó el trabajo en equipo, la pasión por la tecnología y la experiencia en migración, modernización, análisis de datos y más."
https://www.escala24x7.com/blog/la-latino-seguros-apuesta-por-escala-24x7-y-aws-para-continuar-su-camino-de-transformacion-digital/,"La Latino Seguros elige a Escala 24x7 y AWS para avanzar en su transformación digital, impulsando su competitividad y seguridad."
https://www.escala24x7.com/blog/la-nueva-region-aws-en-chile-un-impulso-decisivo-para-la-transformacion-digital-en-sudamerica/,La llegada de la nueva región AWS en Chile marca un hito para la transformación digital en Sudamérica. Esta inversión histórica abre nuevas oportunidades para las empresas del sector financiero y en Escala 24x7 estamos listos para potenciar este crecimiento con soluciones a la medida.
https://www.escala24x7.com/blog/la-reinvencion-de-los-negocios-la-modernizacion-reescribe-las-reglas-del-juego-empresarial/,"La modernización con AWS y Escala 24x7 es clave para el éxito empresarial. Te permite ser más ágil, seguro y adaptable, lo que te ayuda a responder a las oportunidades del mercado, proteger tus datos y crear nuevos productos. El caso de éxito de Grupo LAFISE demuestra el poder de la transformación digital."
https://www.escala24x7.com/blog/la-revolucion-de-la-inteligencia-artificial-generativa-en-los-servicios-financieros/,"La inteligencia artificial generativa revoluciona el mundo financiero, mejorando eficiencia, experiencia del cliente y servicios. AWS y Escala 24x7 ofrecen soluciones seguras y efectivas para implementar esta tecnología"
https://www.escala24x7.com/blog/la-uao-apuesta-por-la-innovacion-en-la-educacion-con-amazon-web-services-y-escala-24x7/,La UAO apuesta por la innovación en la educación con Amazon Web Services y Escala 24x7
https://www.escala24x7.com/blog/liderando-la-innovacion-en-la-nube-escala-24x7-dijo-presente-en-el-aws-cloud-experience-chile-2023/,"Escala 24x7 participo en el AWS Cloud Experience Chile 2023, destacando su competencia en servicios cloud. Comprometidos con la excelencia y la innovación, continúan transformando el sector tecnológico y liderando soluciones cloud en América Latina."
https://www.escala24x7.com/blog/magna-motors-pone-al-cliente-por-delante-con-la-ayuda-de-amazon-web-services-y-escala-24x7/,Magna Motors pone al cliente por delante con la ayuda de Amazon Web Services y Escala 24x7
https://www.escala24x7.com/blog/master-of-pipelines/,Master of Pipelines
https://www.escala24x7.com/blog/mercantil-andina-optimiza-la-seguridad-de-sus-operaciones-en-aws-junto-a-escala-24x7/,"Mercantil Andina escogió a Escala 24x7 como socios tecnológicos para el despliegue de las operaciones. El Partner Premier de AWS les brindó el liderazgo, acompañamiento y herramientas que requerían para poder realizar este proceso de manera óptima."
https://www.escala24x7.com/blog/migracion-de-datos-desde-sap-hec-hana-enterprise-cloud-hacia-aws/,Migración de datos desde SAP HEC (Hana Enterprise Cloud) hacia AWS
https://www.escala24x7.com/blog/modernizacion-nube-aws-argentina/,"Organizaciones líderes de Argentina ya dieron el salto a la nube con AWS y Escala 24x7. Descubre cómo Pampa Energía, Flybondi, CABAL, PECOM y más transformaron su operación, redujeron costos y ganaron agilidad."
https://www.escala24x7.com/blog/monterrey-se-transforma-con-el-aws-application-modernization-roadshow-aprendiendo-sobre-contenedores-y-arquitecturas-serverless-con-aws-y-escala-24x7/,El pasado jueves 11 y viernes 12 de mayo se realizó el Workshop de dos días organizado por Escala 24x7 y AWS: el AWS Application Modernization Roadshow.
https://www.escala24x7.com/blog/multi-llm-en-aws-estrategias-enrutamiento-genai/,"Descubre cómo el enrutamiento Multi-LLM en AWS optimiza costos, mejora latencia y garantiza calidad constante en aplicaciones de IA generativa."
https://www.escala24x7.com/blog/nivel-de-resiliencia-desbloqueado-con-la-competencia-ndeg-12-en-aws-para-escala-24x7/,"Escala 24x7, partner latinoamericano con la competencia AWS en Resiliencia. Transformamos la infraestructura AWS para la recuperación ante incidentes y preparamos a tu organización para el futuro."
https://www.escala24x7.com/blog/optimizacion-de-costos-en-la-nube-a-traves-de-ia-una-alianza-entre-cast-ai-y-escala-24x7/,"Escala 24x7 y CAST AI se unen para revolucionar la optimización de costos en la nube en LATAM, ofreciendo ahorros y mejoras de infraestructura."
https://www.escala24x7.com/blog/panama-innova-en-productividad-hibrida-junto-a-aws-y-escala-24x7/,"El 25 de abril, en el Hotel Intercontinental Miramar de Panamá, vivimos una experiencia increíble junto a AWS: un WorkShop titulado ""Habilitando la productividad híbrida con Amazon WorkSpaces y Amazon AppStream 2.0""."
https://www.escala24x7.com/blog/pecom-transforma-su-proceso-de-analisis-de-datos-implementando-su-data-lake-en-aws/,"PECOM, una importante empresa de servicios, construcción y productos de energía, decidió implementar un Data Lake en Amazon Web Services (AWS) con el apoyo de Escala 24x7 como socio estratégico de AWS."
https://www.escala24x7.com/blog/peru-da-un-paso-mas-hacia-la-productividad-hibrida-con-escala-24x7-y-aws/,"Escala 24x7 y AWS presentaron en Lima, Perú el Workshop sobre productividad híbrida con Amazon WorkSpaces y Amazon AppStream 2.0, destacando la importancia de la computación en la nube para mejorar entornos de trabajo y aumentar la flexibilidad y productividad de los empleados."
https://www.escala24x7.com/blog/protegiendo-tus-recursos-en-aws-como-escala-24x7-refuerza-la-seguridad-de-tus-datos-y-aplicaciones/,"En AWS, la seguridad es la prioridad número uno. ¿Estás buscando formas de mejorar tu posición de seguridad y cumplimiento en tus cuentas de AWS? En nuestro equipo de servicios profesionales, podemos ayudarte a implementar las mejores prácticas de seguridad para proteger tus recursos en AWS."
https://www.escala24x7.com/blog/proyectando-el-futuro-financiero-con-aws-y-escala-24x7-un-viaje-hacia-la-transformacion-digital/,"En el webinar AWS en el Mundo Financiero, la alianza AWS-Escala 24x7 destaca la revolución de la nube, resaltando seguridad y la IA generativa para instituciones financieras líderes en su camino hacia la transformación digital."
https://www.escala24x7.com/blog/reescribir-el-futuro-del-seguro-como-las-lideres-del-sector-estan-usando-la-nube-para-transformarse/,"Descubre cómo las aseguradoras líderes en el Cono Sur están usando la nube para transformarse, mejorar la experiencia del cliente y liderar la evolución del sector."
https://www.escala24x7.com/blog/resiliencia-en-aws-proteccion-que-sostiene-tu-negocio/,"Prepárate para lo inesperado con Escala 24x7, partner certificado en Resiliencia y Seguridad en AWS. Descubre cómo proteger tu negocio, garantizar continuidad y convertir los desafíos en oportunidades."
https://www.escala24x7.com/blog/resiliencia-en-la-nube-claves-para-una-recuperacion-de-desastres-eficaz/,"Preparación esencial para la nube: Estrategias de recuperación de desastres, servicios de AWS, consultoría personalizada para proteger negocios ante fallos tecnológicos."
https://www.escala24x7.com/blog/revive-el-exclusivo-desayuno-de-escala-24x7-y-aws-en-chile-enfocado-en-como-optimizar-recursos-en-la-nube/,"El 9 de mayo, Escala 24x7 organizó un desayuno exclusivo en las modernas oficinas de AWS en Chile"
https://www.escala24x7.com/blog/ser-san-antonio-se-beneficia-de-la-escalabilidad-de-amazon-web-services/,SER San Antonio se beneficia de la escalabilidad de Amazon Web Services (AWS) de la mano de Escala 24x7
https://www.escala24x7.com/blog/service-disruption-in-the-public-cloud/,"This week’s AWS disruption is yet another reminder of an important principle from Werner Vogels, CTO at AWS, “Everything will eventually fail over time”."
https://www.escala24x7.com/blog/snap-finance-transforma-su-soporte-de-ti-interno-con-un-chatbot-inteligente-en-aws/,"Snap Finance modernizó su soporte TI en Costa Rica con IA en AWS, automatizando respuestas y reduciendo tickets gracias a una solución diseñada por Escala 24x7.
Con Amazon Lex, Bedrock y Kendra, la empresa logró autogestión eficiente, menor carga operativa y una experiencia interna más ágil y estratégica."
https://www.escala24x7.com/blog/specification-as-code-by-alejandro-planas/,Evita errores con prompts mal definidos. Descubre cómo Specification as Code mejora la gobernanza y precisión en proyectos de inteligencia artificial.
https://www.escala24x7.com/blog/sportline-impulsa-la-eficiencia-y-calidad-del-negocio-implementando-un-data-lake-sobre-aws/,"Escala 24x7 brinda apoyo a Sportline, una de las empresas de retail deportivo más grandes de Latinoamérica, en la implementación de un Data Lake en la nube para lograr una mejor gestión de sus datos y poder obtener informaciónvaliosa para el negocio."
https://www.escala24x7.com/blog/stefanini-group-announces-the-acquisition-of-the-leading-aws-partner-in-latin-america/,"We have excellent news to share! Escala 24x7 is joining the Stefanini Group in a strategic alliance that will enable us to offer you even more robust and innovative AWS solutions, driving your organization's digital transformation with even greater strength."
https://www.escala24x7.com/blog/transformacion-de-archivos-xml-a-parquet/,"En este post, explicaremos cómo preparar y procesar archivos XML para su conversión a Parquet, un formato de archivo optimizado para consultas y análisis en AWS"
https://www.escala24x7.com/blog/transformacion-digital-suramerica/,"Líderes en Argentina, Chile y Perú ya transformaron su TI en motor de crecimiento con AWS y Escala 24x7. ¿Tu empresa está lista?"
https://www.escala24x7.com/blog/tu-infraestructura-en-la-nube-esta-realmente-optimizada/,"Migrar a la nube es solo el primer paso. La verdadera optimización ocurre cuando tecnología y negocio se alinean para generar eficiencia, agilidad y valor real."
https://www.escala24x7.com/blog/tvn-media-consigue-una-solucion-a-la-medida-en-aws-con-el-apoyo-de-escala-24x7/,"TVN Media consigue una solución “a la medida”en AWS, con el apoyo de Escala 24x7"
https://www.escala24x7.com/blog/un-paso-adelante-en-la-seguridad-digital-el-impacto-del-evento-exclusivo-en-lima-con-aws-y-escala-24x7/,"El evento ""Fortaleciendo tu Seguridad y Resiliencia en la Nube"" reunió a expertos de Escala 24x7 y AWS para compartir experiencias y estrategias sobre seguridad y resiliencia en la nube para empresas en América Latina."
https://www.escala24x7.com/blog/una-fiesta-de-modernizacion-estelar-el-exito-del-eba-de-escala-24x7/,"Evento EBA de Escala 24x7 y Grupo Comercial Control en Monterrey acelera la adopción de la nube con innovación, colaboración y temática Star Wars. ¡Éxito tecnológico y cultural!"
https://www.escala24x7.com/blog/una-nube-mas-cerca-una-vision-mas-clara-cierra-la-brecha-entre-tu-estrategia-y-el-futuro-con-escala-24x7/,Una nube más cerca. Una visión más clara. Cierra la brecha entre tu estrategia y el futuro con Escala 24x7.
https://www.escala24x7.com/blog/una-nueva-era-en-la-modernizacion-de-ibmi-y-aix-el-acuerdo-connectria-aws-y-su-impacto-positivo-para-los-clientes-de-escala-24x7/,"El Acuerdo de Colaboración Estratégica entre Connectria y AWS, respaldado por Escala 24x7, marca un hito en la modernización de sistemas IBM hacia la nube de AWS, simplificando el proceso y prometiendo crecimiento e innovación para las empresas en Latinoamérica."
https://www.escala24x7.com/blog/viajes-exito-sigue-creciendo-en-colombia-con-el-apoyo-de-amazon-web-services-y-escala-24x7/,"Las nuevas tendencias evidenciaron que la mejor decisión a tomar era dar el paso a la nube, y al analizar las opciones de IaaS del mercado, identificaron a Amazon Web Services como uno de los jugadores más importantes del área, y que ha generado mejores resultados."
https://www.escala24x7.com/blog/virgin-mobile-centraliza-sus-operaciones-y-reduce-hasta-un-30-en-costos-con-una-metodologia-finops/,"Virgin Mobile Latin America encontró en Escala 24x7 un aliado clave para optimizar su infraestructura en la nube de AWS. Gracias a la metodología FinOps implementada por Escala 24x7, redujeron costos en un 30% y centralizaron operaciones en tres países"
https://www.escala24x7.com/blog/webinar-conozca-las-mejores-practicas-de-arquitectura-iaas/,"Mejores prácticas de Arquitectura de AWS para lograr construir una infrestructura Cloud escalable, resilente y tolerante a fallos."
https://www.escala24x7.com/blog/xxiv-congreso-latinoamericano-de-tecnologia-e-innovacion-clab-panama-2024/,CLAB Panamá 2024 reunió a líderes del sector financiero y tecnológico. Escala 24x7 presentó soluciones innovadoras basadas en AWS. Charlas y demostraciones mostraron cómo optimizar operaciones y mejorar la experiencia del usuario.
https://www.escala24x7.com/cloud-emx,"Soluciones con enfoque Cloud Done Right®: migración, IA generativa, data y seguridad en AWS para maximizar valor y continuidad a tu negocio."
https://www.escala24x7.com/consultoria-de-optimizacion-de-costos,"Soluciones con enfoque Cloud Done Right®: migración, IA generativa, data y seguridad en AWS para maximizar valor y continuidad a tu negocio."
https://www.escala24x7.com/devops,"Soluciones con enfoque Cloud Done Right®: migración, IA generativa, data y seguridad en AWS para maximizar valor y continuidad a tu negocio."
https://www.escala24x7.com/devops-competency,"Soluciones con enfoque Cloud Done Right®: migración, IA generativa, data y seguridad en AWS para maximizar valor y continuidad a tu negocio."
https://www.escala24x7.com/digital-workplaces,"Soluciones con enfoque Cloud Done Right®: migración, IA generativa, data y seguridad en AWS para maximizar valor y continuidad a tu negocio."
https://www.escala24x7.com/en/blog/10-elementos-de-aws-esenciales-para-mejorar-la-seguridad-en-su-cuenta/,En este artículo buscamos hacerle conocer 10 elementos fundamentales para mejorar la seguridad en una cuenta o carga de trabajo en AWS
https://www.escala24x7.com/en/blog/5-estrategias-de-ahorro-al-contratar-servicios-aws/,5 estrategias de ahorro al contratar servicios AWS
https://www.escala24x7.com/en/blog/6-tendencias-cloud-2024-para-empresas-en-america-latina/,"Escala 24x7, Socio AWS del Año - LATAM, lidera la transformación en la nube en 2024. Descarga el eBook para guiar tu empresa en la era digital. ¡Contáctanos!"
https://www.escala24x7.com/en/blog/a-new-era-in-ibmi-and-aix-modernization-the-connectria-aws-agreement-and-its-positive-impact-for-escala-24x7-customers/,"Connectria and AWS's recent Strategic Collaboration Agreement, supported by Escala 24x7, is a milestone in modernizing IBM systems for AWS cloud. Simplifying the process, it promises growth and innovation for businesses in Latin America."
https://www.escala24x7.com/en/blog/abc-de-un-datalake/,"Los lagos de datos con tecnología de AWS, están respaldados por la disponibilidad inigualable de Amazon S3 y pueden manejar los siguientes 3 enfoques: la escala, la agilidad y la flexibilidad."
https://www.escala24x7.com/en/blog/administracion-delegada-de-aws-sso/,Administración delegada de AWS SSO
https://www.escala24x7.com/en/blog/agilidad-la-tendencia-que-cobra-mas-fuerza-dia-a-dia/,"Durante muchos años, y a lo largo del desarrollo de mi vida profesional y académica, he observado como cliente interno y usuario de sistemas de información, como los CIO y los CFO batallan entre la rapidez de tener recursos tecnológicos y su costo."
https://www.escala24x7.com/en/blog/agilizando-los-backups-de-sistemas-sap-hana-con-el-agente-backint-de-aws/,Agilizando los Backups de sistemas SAP HANA con el agente Backint de AWS
https://www.escala24x7.com/en/blog/ai-for-finops-como-la-inteligencia-artificial-transforma-la-gestion-financiera-en-la-nube/,"Descubre cómo AI for FinOps combina Inteligencia Artificial y prácticas FinOps para optimizar costos en la nube, mejorar la toma de decisiones y maximizar el retorno de inversión en AWS."
https://www.escala24x7.com/en/blog/allianz-migra-el-primer-exadata-de-oracle-a-aws-en-la-region-con-el-apoyo-de-escala-24x7/,"Allianz migra el primer exadata de Oracle a AWS en la región, con el apoyo de Escala 24x7"
https://www.escala24x7.com/en/blog/amazon-sigue-apostando-por-la-sostenibilidad-ambiental-con-su-nueva-herramienta-para-medir-la-huella-de-carbono-de-sus-clientes/,"Hay diversas organizaciones de toda índole que están trabajando para establecer objetivos de sustentabilidad y asumiendo compromisos para alcanzarlos. En pro de brindarles mayor visibilidad sobre la huella de carbono de su infraestructura de nube, AWS desarrolló una nueva herramienta de Huella de Carbono"
https://www.escala24x7.com/en/blog/amazon-workspaces-ayuda-a-las-pymes-a-dejar-los-servidores/,"Amazon WorkSpaces puede ofrecer espacios de trabajo virtuales para un sinnúmero de usuarios, con un entorno administrado y un asequible sistema de pago por uso."
https://www.escala24x7.com/en/blog/arquitectura-madura-ia-generativa-escalar-con-confianza/,"Descubre cómo diseñar una arquitectura madura de IA generativa que combine datos, seguridad y escalabilidad para impulsar innovación con confianza."
https://www.escala24x7.com/en/blog/asi-vivimos-en-escala-24x7-el-fallo-de-crowdstrike-una-cronica-de-resiliencia-y-trabajo-en-equipo/,"Una actualización de CrowdStrike causó una interrupción masiva en sistemas Windows. Escala 24x7 respondió rápidamente, recuperando los workspaces afectados de un cliente a través de trabajo en equipo y soluciones personalizadas."
https://www.escala24x7.com/en/blog/aws-quicksight-despliegue-de-graficas-historicas-de-las-metricas-de-aws-connect/,"AWS Connect, es una herramienta de centro de contactos en la nube que proporciona una experiencia ágil y continua de las comunicaciones por voz y chat para todos sus clientes y agentes."
https://www.escala24x7.com/en/blog/aws-y-escala-24x7-los-lideres-indiscutibles-en-servicios-en-la-nube-en-america-latina-para-2023/,AWS lidera los servicios en la nube en América Latina en 2023 según IDC MarketScape. Su alianza con Escala 24x7 ofrece soluciones de transformación digital y expertise regional.
https://www.escala24x7.com/en/blog/banesco-seguros-republica-dominicana-convierte-lo-intangible-en-confiable-con-aws-y-escala-24x7/,"Se disponen entonces a analizar diversos proveedores en búsqueda de una herramienta robusta que garantizase los niveles de disponibilidad y seguridad que buscaban, características que encontraron en Amazon Web Services, líderes en brindar infraestructura como servicio. Una vez definido el proveedor, deciden dar este paso de la mano de Escala 24x7, un partner con un número importante de migraciones exitosas, que ofrecía costos razonables y tiempos atractivos."
https://www.escala24x7.com/en/blog/bias-drift-decay-como-gobernar-la-ai-con-confianza/,"Cómo gobernar la IA con confianza frente a bias, drift y decay. Descubre cómo un enfoque sólido de Gobierno de IA permite anticipar riesgos, mantener el control y sostener el valor del negocio en el tiempo."
https://www.escala24x7.com/en/blog/blindando-el-futuro-digital-estrategias-de-seguridad-en-aws-para-ejecutivos-c-level/,"Descubre cómo los líderes empresariales pueden fortalecer la resiliencia digital mediante estrategias de seguridad en AWS, combinando prácticas avanzadas y decisiones estratégicas para proteger activos en la nube."
https://www.escala24x7.com/en/blog/cabal-mimetiza-el-dinamismo-del-mundo-financiero-con-aws-y-escala-24x7/,Cabal mimetiza el dinamismo del mundo financiero con AWS y Escala 24x7
https://www.escala24x7.com/en/blog/cata-de-ciberseguridad-una-experiencia-unica-en-republica-dominicana-junto-a-aws-trendmicro-y-escala-24x7/,"El pasado 25 de mayo, se celebró un evento excepcional en República Dominicana que fusionó el mundo de la ciberseguridad con el placer de degustar vinos de calidad en Cava Alta"
https://www.escala24x7.com/en/blog/celebramos-una-nueva-edicion-de-desayuna-con-los-expertos-de-aws-y-escala-24x7-en-chile/,El pasado martes 27 de septiembre realizamos una nueva edición de: Desayuna con los expertos de AWS y Escala 24x7 en Santiago de Chile.
https://www.escala24x7.com/en/blog/ciberseguridad-e-innovacion-una-experiencia-exclusiva-en-el-metaverso-de-escala-24x7-con-aws-y-trend-micro/,"Escala 24x7, AWS y Trend Micro organizaron un evento virtual en el Metaverso de Escala 24x7, explorando soluciones de ciberseguridad en entornos virtuales interactivos. Expertos presentaron tendencias y soluciones, mientras los participantes disfrutaron de una experiencia inmersiva."
https://www.escala24x7.com/en/blog/cloud-foundations-el-acelerador-de-tu-transformacion-a-la-nube/,"Cloud Foundations de Escala 24x7: Tu aliado en la adopción de la nube, simplificando, asegurando y optimizando, respaldado por historias de éxito"
https://www.escala24x7.com/en/blog/cloud-solutions-provider-reduce-70-tiempos-de-auditoria-con-ia/,"Una empresa tecnológica en LATAM transformó su auditoría interna al reducir en 70% el tiempo de respuesta con IA en AWS, gracias a una solución conjunta con Escala 24x7.
El uso de Amazon Bedrock, arquitectura sin servidor y automatización DevOps optimizó recursos, elevando la precisión y liberando al equipo para decisiones estratégicas."
https://www.escala24x7.com/en/blog/como-cumplir-con-las-regulaciones-de-seguridad-en-la-nube-para-servicios-financieros-en-peru-en-2025/,"Escala 24x7, en colaboración con AWS y la Superintendencia de Banca, Seguros y AFP (SBS), organizó un desayuno en Lima, Perú, para líderes del sector financiero. Hablamos sobre los desafíos y oportunidades de la nube en 2025, con un foco en cómo cumplir con regulaciones y asegurar la protección de los datos."
https://www.escala24x7.com/en/blog/como-escala-24x7-mejora-la-productividad-de-su-empresa-utilizando-appstream-2-0/,Como Escala 24x7 mejora la productividad de su empresa utilizando Appstream 2.0
https://www.escala24x7.com/en/blog/como-la-nube-se-esta-convirtiendo-en-una-realidad-favorable-para-el-sector-financiero/,Las instituciones financieras se encuentran ahora con una gran oportunidad para hacer uso de tecnologías emergentes como la nube y lograr una transformación digital favorable para su negocio.
https://www.escala24x7.com/en/blog/como-migrar-sus-bases-de-datos-a-la-nube-de-aws-de-manera-facil-segura-practica-y-economica/,"Uno de los recursos más importantes, dentro de una organización son sus datos tanto históricos como transaccionales. La data para toda empresa tiene un valor incalculable, por lo que mantener la disponibilidad, fiabilidad, escalabilidad y la eficiencia es un reto constante."
https://www.escala24x7.com/en/blog/como-recuperarse-de-una-falla-en-instancias-ec2-que-alojan-sistemas-sap/,¿Cómo recuperarse de una falla en instancias EC2 que alojan sistemas SAP?
https://www.escala24x7.com/en/blog/connectria-y-escala-24x7-anuncian-alianza-para-atender-a-los-clientes-ibm-de-latam/,Connectria y Escala 24x7 anuncian alianza para atender a los clientes IBM de LATAM
https://www.escala24x7.com/en/blog/conoce-que-es-el-map-y-como-puede-ayudarte-a-migrar-tu-proyecto-a-la-nube/,"Las migraciones empresariales pueden ser muy complejas y llevar mucho tiempo entre la planificación y la ejecución. Para facilitar y agilizar este proceso a las organizaciones que están considerando migrar a la nube, Amazon Web Services (AWS) creó el programa Migration Acceleration Program (MAP), basado en su experiencia migrando a miles de organizaciones a la nube."
https://www.escala24x7.com/en/blog/contenedores-windows-sobre-ecs/,Contenedores Windows sobre ECS
https://www.escala24x7.com/en/blog/corporacion-talentum-reduce-un-50-en-tiempos-de-despliegue-y-desarrollo-junto-a-aws-y-escala-24x7/,"Corporación Talentum, una reconocida ONG colombiana, se asoció con AWS y Escala 24x7 para reducir en un 50% los tiempos de despliegue y desarrollo a través de una gestión eficiente de la infraestructura en la nube. Esta colaboración les ha brindado seguridad, experiencia y soporte, permitiendo la expansión de Talentum a mercados internacionales."
https://www.escala24x7.com/en/blog/costa-rica-vivio-la-experiencia-habilitando-la-productividad-hibrida-con-amazon-connect-amazon-appstream-2-0-con-aws-y-escala-24x7/,"El pasado jueves 09 de febrero se dieron cita 16 profesionales del área de TI, quienes pudieron descubrir y fortalecer habilidades en la construcción de espacios de trabajo digital a través de las funcionalidades de AWS Connect y Amazon AppStream 2.0"
https://www.escala24x7.com/en/blog/credix-logra-la-eficiencia-de-costos-de-iaas-con-el-apoyo-constante-de-escala-24x7/,Credix logra la eficiencia de costos de IaaS con el apoyo constante de Escala 24x7
https://www.escala24x7.com/en/blog/de-silos-a-decisiones-la-transformacion-energetica-en-sudamerica-con-aws-y-escala-24x7/,Las empresas energéticas en Sudamérica están rompiendo silos con AWS y Escala 24x7. Descubre cómo transformar datos en decisiones estratégicas.
https://www.escala24x7.com/en/blog/descifrando-el-futuro-la-promesa-de-la-ia-generativa-en-la-era-aws/,El evento organizado por Escala 24x7 en las oficinas de Amazon Web Services en Ciudad de México el 7 de septiembre se centró en la Inteligencia Artificial Generativa y su impacto en el mundo empresarial.
https://www.escala24x7.com/en/blog/descifrando-la-inteligencia-artificial-y-la-ia-generativa/,"IA generativa en finanzas: revolución para la banca. Automatiza tareas, reduce costos, mejora la experiencia del cliente y aumenta la seguridad. AWS e Escala 24x7 te ayudan a adoptarla."
https://www.escala24x7.com/en/blog/descubriendo-el-fascinante-mundo-de-la-nube-con-aws-y-escala-24x7/,"Exploramos la nube de AWS, desmitificando términos en nuestro glosario de Cloud Computing. Descárgalo para una guía clara en el fascinante mundo de la nube."
https://www.escala24x7.com/en/blog/descubriendo-horizontes-en-kubecon-cloudnativecon-2023/,"Escala 24x7 destaca avances en KubeCon 2023, resaltando soluciones AWS y la importancia de ArgoCD en GitOps para despliegues eficientes y seguros."
https://www.escala24x7.com/en/blog/develando-el-exito-en-la-nube-estrategias-para-maximizar-el-roi-empresarial/,"Evento en Bogotá sobre estrategias cloud para maximizar ROI. Se habló de migraciones exitosas, resiliencia, FinOps y colaboración entre Escala 24x7 y AWS para una adopción personalizada."
https://www.escala24x7.com/en/blog/document-manager-de-danaconnect-gana-alta-disponibilidad-escalabilidad-y-seguridad-en-aws/,"Document Manager de DANAConnect gana alta disponibilidad, escalabilidad y seguridad en AWS"
https://www.escala24x7.com/en/blog/dominando-desafios-y-soluciones-en-seguridad-publica-y-recuperacion-de-desastres/,"Escala 24x7, líder en América Latina en Public Safety de AWS, ofrece soluciones personalizadas para desafíos tecnológicos y recuperación ante desastres. ¡Prepárate con nosotros!"
https://www.escala24x7.com/en/blog/ecuador-se-suma-a-la-ola-de-productividad-hibrida-con-amazon-workspaces-y-appstream-2-0-junto-a-aws-y-escala-24x7/,"El 16 de mayo se llevó a cabo el WorkShop ""Habilitando la productividad híbrida con Amazon WorkSpaces y Amazon AppStream 2.0"" en Quito, Ecuador, en las instalaciones del Swissote, en el centro del mundo."
https://www.escala24x7.com/en/blog/el-costo-de-la-no-innovacion/,"En un entorno empresarial donde la tecnología moldea la competencia, la adopción de la nube emerge como imperativo. Empresas que muestran reticencia hacia esta transición se exponen a pérdida de eficiencia y competitividad."
https://www.escala24x7.com/en/blog/el-grupo-stefanini-anuncia-la-adquisicion-del-partner-principal-de-aws-en-america-latina/,"¡Tenemos excelentes noticias para compartir! Escala 24x7 se une al Grupo Stefanini en una alianza estratégica que nos permitirá ofrecerles soluciones AWS aún más robustas e innovadoras, impulsando la transformación digital de su organización con mayor fuerza."
https://www.escala24x7.com/en/blog/el-valor-de-contar-con-expertos-celebrando-el-compromiso-de-excelencia-con-nuestros-clientes/,Escala 24x7 destaca la importancia de las certificaciones AWS y celebra su logro en obtener la distinción de certificación de APN.
https://www.escala24x7.com/en/blog/encuentro-exclusivo-con-connectria-aws-y-escala-24x7-abordando-soluciones-hibridas-y-eficaces-en-la-nube/,"Los días 21 y 23 de marzo, en las oficinas de AWS en Chile y The Westin Lima Hotel & Convention en Perú, celebramos encuentros exclusivos organizados por Connectria, AWS y Escala 24x7."
https://www.escala24x7.com/en/blog/entaeh-ofrece-su-excelente-soporte-sap-con-el-apoyo-de-aws-y-escala-24x7/,"Con el apoyo de Escala 24x7 ENTAEH ya ha comenzado a implementar distintas soluciones de SAP con el soporte de Escala 24x7 y han logrado superar 3 verificaciones de SAP, manteniendo su status de Gold y de PCOE (Partner Center Of Expertise)."
https://www.escala24x7.com/en/blog/escala-24-7-es-el-primer-y-unico-partner-en-conseguir-la-competencia-de-energia-de-aws/,"Escala 24x7 anunció hoy que ha alcanzado la Competencia de Energía de Amazon Web Services, Inc. (AWS). Esta designación reconoce que Escala 24x7 ha demostrado una amplia experiencia ayudando a los clientes a aprovechar la tecnología en la nube de AWS para transformar sistemas complejos y acelerar la transición hacia un futuro energético sostenible."
https://www.escala24x7.com/en/blog/escala-24x7-acelera-la-transformacion-digital-de-sus-clientes-comprobando-su-experiencia-en-devops/,"Escala 24x7 acelera la Transformación Digital de sus clientes, comprobando su experiencia en DevOps"
https://www.escala24x7.com/en/blog/escala-24x7-achieves-aws-premier-partner-status/,Escala 24x7 Achieves AWS Premier Partner Status
https://www.escala24x7.com/en/blog/escala-24x7-alcanza-un-nuevo-peldano-primero-en-latinoamerica-en-probar-su-experticia-en-cloud-operations-de-aws/,"Escala 24x7 destaca como líder en Cloud Operations de AWS en Latinoamérica, brindando soluciones integrales y eficientes para gobernanza, costos y seguridad en la nube, con 11 competencias."
https://www.escala24x7.com/en/blog/escala-24x7-announces-support-for-application-operations-on-aws/,"Escala 24x7, AWS Premier Partner in Latin America, enhances support with AWS Application Operations for streamlined application management and improved customer outcomes."
https://www.escala24x7.com/en/blog/escala-24x7-anuncia-el-soporte-a-application-operations-en-aws/,"Escala 24x7, Partner Premier de AWS , da su respaldo a Application Operations en AWS ya que fortalece la gestión de recursos, proporcionando a los usuarios una visión integral para monitorear costo, salud, seguridad y rendimiento de aplicaciones."
https://www.escala24x7.com/en/blog/escala-24x7-apoya-al-centro-financiero-bhd-en-la-implementacion-de-aws-para-billet-una-nueva-solucion-financiera/,"Se llevó a cabo el lanzamiento de Billet, una innovadora solución financiera para el mercado dominicano con el respaldo del Centro Financiero BHD. Escala 24x7 tuvo el honor de aportar a esta novedosa solución como socio encargado de la implementación de los servicios de AWS para el proyecto de Billet"
https://www.escala24x7.com/en/blog/escala-24x7-cautivo-a-los-participantes-del-aws-summit-bogota-2022/,El 4 de octubre se celebró el AWS Summit Bogotá 2022 y Escala 24x7 participó como patrocinante
https://www.escala24x7.com/en/blog/escala-24x7-certificacion-ola-qualified-partner-de-aws-un-paso-mas-hacia-la-excelencia-en-la-nube/,"Escala 24x7, socio principal de AWS en Latinoamérica, obtuvo la certificación OLA de AWS. Esto permite a Escala 24x7 realizar evaluaciones para optimizar los recursos tecnológicos de sus clientes, logrando ahorros de hasta 36% en cómputo y 49% en licencias."
https://www.escala24x7.com/en/blog/escala-24x7-comprueba-su-experticia-en-data-y-analitica-obteniendo-una-decima-competencia-de-aws/,"Escala 24x7 obtiene la competencia de Data y Analítica de AWS, fortaleciendo su portafolio de especialidades y su capacidad para ofrecer soluciones avanzadas en la nube."
https://www.escala24x7.com/en/blog/escala-24x7-confirma-su-profunda-experiencia-en-servicios-de-consultoria-de-seguridad-aws-actualizando-su-competencia-de-seguridad-en-el-2022/,"Este re-lanzamiento representa un reto más alto, lleno de nuevos requisitos y conceptos, que requirió que Escala fuese más allá de los servicios de seguridad de AWS, demostrando ser un referente no solo en la tecnología de AWS sino en el campo de la seguridad cibernética."
https://www.escala24x7.com/en/blog/escala-24x7-da-potencia-a-su-operacion-en-republica-dominicana-con-el-nombramiento-de-robert-f-santos-como-business-development-manager/,Escala 24x7 da potencia a su operación en República Dominicana con el nombramiento de Robert F. Santos como  Business Development Manager
https://www.escala24x7.com/en/blog/escala-24x7-demuestra-su-experiencia-en-el-sector-financiero-alcanzando-una-nueva-certificacion/,"Escala 24x7 demuestra su experiencia en el sector financiero, alcanzando una nueva certificación"
https://www.escala24x7.com/en/blog/escala-24x7-dice-presente-en-el-aws-summit-mexico-2022/,El pasado 21 y 22 de septiembre la Expo Santa Fe de Ciudad de México fue el lugar que recibió a toda la comunidad cloud para disfrutar del AWS Summit México 2022.
https://www.escala24x7.com/en/blog/escala-24x7-dijo-presente-en-el-finnosummit-connect-de-mexico/,"El Finnosummit de México, se llevó a cabo en Cancún entre el 14 y el 17 de febrero."
https://www.escala24x7.com/en/blog/escala-24x7-dives-deep-into-generative-ai-security-resilience-cloudops-and-next-gen-devops-at-the-aws-partnerequip-seattle-2024/,"Escala 24x7 leads cloud innovation at #AWSPartnerEquip, gains exclusive AWS insights for client solutions."
https://www.escala24x7.com/en/blog/escala-24x7-en-el-aws-cloud-experience-bogota-2023-una-experiencia-de-innovacion/,Escala 24x7 destaca en el AWS Cloud Experience Bogotá 2023 con charlas sobre modernización bancaria usando AWS y fortalece alianzas estratégicas para la innovación tecnológica.
https://www.escala24x7.com/en/blog/escala-24x7-en-el-epicentro-de-la-innovacion-una-gran-experiencia-en-el-aws-summit-ciudad-de-mexico-2023/,"En el AWS Summit Ciudad de México 2023, Escala 24x7 junto a CAST AI, Dynatrace e Intel, lideraron discusiones sobre nube, fomentando colaboración e innovación. El evento dejó lecciones, conexiones y emoción por futuras oportunidades de crecimiento en el mundo de AWS. ¡Hasta la próxima, México! 🚀🇲🇽"
https://www.escala24x7.com/en/blog/escala-24x7-en-el-foro-de-innovacion-y-emprendimiento-una-vision-hacia-la-sostenibilidad/,"Escala 24x7 promueve la innovación con impacto social y la sostenibilidad empresarial en el Foro IMEF, buscando un futuro inclusivo y responsable. #GoGreenWithEscala24x7"
https://www.escala24x7.com/en/blog/escala-24x7-en-el-volcano-innovation-summit-2024-una-explosion-de-innovacion-y-transformacion/,"El Volcano Innovation Summit 2024 impulsó la innovación en Latinoamérica. Escala 24x7 compartió su experiencia en transformación digital, inspirando a los asistentes a construir un futuro lleno de posibilidades."
https://www.escala24x7.com/en/blog/escala-24x7-en-the-data-journey-una-jornada-de-aprendizaje-e-inclusion/,"Escala 24x7 patrocina ""The Data Journey"" en Argentina, evento destacado en Data y Analytics en América Latina, enfocándose en inclusión y liderazgo en tecnología."
https://www.escala24x7.com/en/blog/escala-24x7-es-ahora-socio-premier-de-aws/,Escala 24x7 es ahora Socio Premier de AWS
https://www.escala24x7.com/en/blog/escala-24x7-es-ahora-un-advanced-partner-de-aws/,"Escala 24x7 es ahora un Advanced Partner de AWS, lo que demuestra su experiencia y compromiso de en ayudar a clientes de todos los tamaños a diseñar, proyectar, crear, migrar y administrar cargas de trabajo y aplicaciones en AWS."
https://www.escala24x7.com/en/blog/escala-24x7-es-ahora-un-well-architected-partner/,¡Escala 24x7 es ahora un Well-Architected Partner!
https://www.escala24x7.com/en/blog/escala-24x7-es-el-migration-partner-of-the-year-2022-para-latinoamerica/,AWS reconoce a Escala 24x7 como líder en la tarea de apoyar a los clientes de LATAM a impulsar la innovación a través de migraciones exitosas.
https://www.escala24x7.com/en/blog/escala-24x7-es-el-primer-miembro-de-la-finops-foundation-en-latam/,"FinOps es una disciplina de gestión financiera en la nube y una práctica cultural que permite a las organizaciones obtener el máximo valor comercial al ayudar a los equipos de ingeniería, finanzas, tecnología y negocios a colaborar en las decisiones de gasto basadas en datos"
https://www.escala24x7.com/en/blog/escala-24x7-es-el-primer-partner-de-aws-en-latam-en-obtener-el-aws-security-competency/,Escala 24x7 es el primer partner de AWS en LATAM en obtener el AWS Security Competency
https://www.escala24x7.com/en/blog/escala-24x7-es-el-primer-partner-en-latam-en-conseguir-la-competencia-de-public-safety-disast/,"Escala 24x7, socio consultor avanzado de AWS y uno de los más grandes de LATAM, anunció hoy que ha logrado la Competencia de Seguridad Pública y Respuesta a Desastres de Amazon Web Services (AWS)."
https://www.escala24x7.com/en/blog/escala-24x7-es-el-primer-y-unico-partner-en-conseguir-la-competencia-de-energia-de-aws/,"Escala 24x7 anunció hoy que ha alcanzado la Competencia de Energía de Amazon Web Services, Inc. (AWS). Esta designación reconoce que Escala 24x7 ha demostrado una amplia experiencia ayudando a los clientes a aprovechar la tecnología en la nube de AWS para transformar sistemas complejos y acelerar la transición hacia un futuro energético sostenible."
https://www.escala24x7.com/en/blog/escala-24x7-es-reconocida-con-el-premio-aws-rising-star-partner-of-the-year-en-el-partner-summit-2022-en-santiago-de-chile/,Escala 24x7 fue galardonada con el premio “AWS Rising Star Partner of the Year” en el Partner Summit 2022 en Santiago de Chile
https://www.escala24x7.com/en/blog/escala-24x7-es-reconocida-con-tres-premios-en-el-partner-summit-de-centroamerica-y-caribe/,"Escala 24x7 fue reconocida con los premios “AWS Service Partner of the Year”, “AWS Migration & Modernización Partner of the Year” y “AWS Enterprise Workload Partner of the Year” en el Partner Summit de Centroamérica y Caribe 2022."
https://www.escala24x7.com/en/blog/escala-24x7-es-reconocido-como-partner-del-ano-de-aws-por-segundo-ano-consecutivo/,"Escala 24x7, Partner del Año de AWS en LATAM por segundo año, destaca por innovación y servicio excepcionales, siendo líder en tecnología en la nube."
https://www.escala24x7.com/en/blog/escala-24x7-es-reconocido-como-system-integrator-of-the-year-para-latinoamerica/,"Escala 24x7 gana el premio ""System Integrator of the Year"" en el AWS Partner Summit de Latinoamérica por su destacada labor en soluciones en la nube."
https://www.escala24x7.com/en/blog/escala-24x7-es-reconocido-con-el-premio-global-public-sector-partner-award-de-aws/,Escala 24x7 es reconocido con el premio Global Public Sector Partner Award de AWS
https://www.escala24x7.com/en/blog/escala-24x7-es-reconocido-con-el-premio-well-architected-partner-of-the-year-en-el-partner-summit-de-bogota/,Escala 24x7 tuvo el gran honor de recibir el reconocimiento de “Well-Architected Partner of the Year” en el Partner Summit en la ciudad de Bogotá
https://www.escala24x7.com/en/blog/escala-24x7-es-reconocido-por-partida-doble-en-el-aws-partner-summit-2022-en-buenos-aires/,Escala 24x7 es reconocida con los premios “AWS Enterprise Workloads Partner of the Year” y “AWS Top Partner Marketing Performer of the Year” en el AWS Partner Summit 2022 en Bueos Aires.
https://www.escala24x7.com/en/blog/escala-24x7-es-reconocido-por-vmware-como-partner-certificado-en-vmware-cloud-on-aws/,"Escala 24x7 es certificado en ""VMware Cloud on AWS"", lo que permite migrar de manera exitosa a la nube de AWS desde VMware."
https://www.escala24x7.com/en/blog/escala-24x7-experto-en-migraciones-a-la-nube-de-aws/,"Escala 24x7, experto en Migraciones a la Nube de AWS"
https://www.escala24x7.com/en/blog/escala-24x7-formaliza-su-operacion-en-ecuador-llevando-la-innovacion-a-las-empresas-de-la-region/,Escala 24x7 ha iniciado formalmente su operación en Ecuador.
https://www.escala24x7.com/en/blog/escala-24x7-fortalece-su-portafolio-de-soluciones-para-pymes-en-latam-al-obtener-la-competencia-aws-smb/,"Escala 24x7 obtiene la competencia AWS SMB, consolidándose como líder en soluciones cloud para PYMES en Latam, impulsando su crecimiento y eficiencia."
https://www.escala24x7.com/en/blog/escala-24x7-ganadora-en-aws-partner-summit-2018-argentina/,Escala 24x7 ganadora en AWS Partner Summit 2018 Argentina
https://www.escala24x7.com/en/blog/escala-24x7-goles-de-innovacion-en-el-aws-summit-bogota-2024/,"Escala 24x7 brilló en AWS Summit Bogotá 2024 mostrando soluciones innovadoras en la nube, compromiso del equipo y agradeciendo a AWS y colaboradores."
https://www.escala24x7.com/en/blog/escala-24x7-ha-sido-designado-aws-consulting-partner-of-the-year-y-aws-migration-partner-of-the-year/,"En esta edición de los AWS Partner Awards, Escala 24x7, Partner Premier (Q3 2021) fue reconocido por partida doble, siendo acreditados con los títulos de “AWS Consulting Partner of the Year” y “AWS Migration Partner of the Year”"
https://www.escala24x7.com/en/blog/escala-24x7-habilita-el-trabajo-remoto-en-su-organizacion-con-tecnologias-de-aws/,Escala 24x7 habilita el trabajo remoto en su organización con tecnologías de AWS
https://www.escala24x7.com/en/blog/escala-24x7-inaugura-sus-nuevas-oficinas-en-la-ciudad-de-miami/,"El pasado 10 de noviembre Escala 24x7, Partner Premier de Amazon Web Services, inauguró sus nuevas oficinas en la ciudad de Aventura, Miami (USA)."
https://www.escala24x7.com/en/blog/escala-24x7-is-latams-migration-partner-of-the-year-2022/,AWS recognizes Escala 24x7 as a leader in helping LATAM customers drive innovation through successful migrations
https://www.escala24x7.com/en/blog/escala-24x7-lidera-el-ecosistema-aws-segun-isg-provider-lens-tm-2025/,"Escala 24x7 es reconocida por ISG Provider Lens™ 2025 como líder en AWS Professional Services, Managed Services y Enterprise Data Modernization & AI Services. Conoce cómo este reconocimiento impulsa la innovación en la nube y genera valor tangible para las organizaciones en América Latina."
https://www.escala24x7.com/en/blog/escala-24x7-lleva-la-nube-de-amazon-aws-a-panama/,"Durante el mes de marzo, Escala 24x7 estuvo en Panamá realizando un training de AWS con las diferentes empresas líderes de la región."
https://www.escala24x7.com/en/blog/escala-24x7-lo-apoya-en-la-migracion-de-sus-windows-server-legados/,Escala 24x7 está certificado por el “Programa de Migración de la Finalización del soporte para Windows Server” como un EMP Partner!
https://www.escala24x7.com/en/blog/escala-24x7-marca-tendencia-en-ciberseguridad-junto-a-banesco-y-aws/,"El #AWSDay de ciberseguridad contó con líderes de Banesco, GPPCN, AWS y Escala 24x7, destacando tendencias y soluciones para la seguridad digital."
https://www.escala24x7.com/en/blog/escala-24x7-obtiene-la-certificacion-iso-iec-27001-2022-para-tus-proyectos-en-aws/,"Escala 24x7 obtiene la certificación ISO/IEC 27001:2022, garantizando seguridad de la información, resiliencia y confianza en cada proyecto cloud sobre AWS."
https://www.escala24x7.com/en/blog/escala-24x7-obtiene-la-competencia-aws-en-genai-inteligencia-que-genera-valor-e-impulsa-resultados/,"Domina el poder de la IA generativa con Escala 24x7, ahora con la Competencia AWS en GenAI. Soluciones reales. Resultados medibles. ¿Listo para liderar?"
https://www.escala24x7.com/en/blog/escala-24x7-obtiene-la-competencia-de-sap-demostrando-su-trayectoria-y-experiencia-en-sap-on-aws/,"Escala 24x7 obtiene la competencia de SAP, demostrando su trayectoria y experiencia en SAP on AWS"
https://www.escala24x7.com/en/blog/escala-24x7-ofrecio-un-dinamico-y-exclusivo-meet-grill-en-la-ciudad-de-monterrey-mexico/,"El pasado 30 de marzo, la ciudad de Monterrey fue testigo de un dinámico encuentro en el que Escala 24x7 se alió con la Sociedad Mexicana de Parrilleros para ofrecer un exclusivo ""Meet & Grill"""
https://www.escala24x7.com/en/blog/escala-24x7-organiza-su-primer-desayuno-en-las-nuevas-oficinas-de-aws-en-chile/,Escala 24x7 organiza su primer desayuno en las nuevas oficinas de AWS en Chile
https://www.escala24x7.com/en/blog/escala-24x7-organiza-una-exclusiva-cata-de-vinos-para-las-empresas-dominicanas/,Escala 24x7 y Amazon Web Services organizaron una exclusiva cata de vinos de la mano Cava Alta para 30 representantes tecnológicos de prestigiosas empresas de República Dominicana.
https://www.escala24x7.com/en/blog/escala-24x7-organizo-un-after-office-exclusivo-para-el-equipo-de-banco-pichincha/,"Escala 24x7 y AWS organizaron, el pasado jueves 17 de noviembre, un after office con temática del Mundial Qatar 2022 a la cual asistieron 12 miembros del Banco Pichincha."
https://www.escala24x7.com/en/blog/escala-24x7-profundiza-sus-habilidades-tecnicas-en-el-awspartnerequip-2024-en-seattle/,"Escala 24x7 destaca en #AWSPartnerEquip 2024, confirmando su liderazgo en innovación tecnológica para el sector financiero. Acceso a la vanguardia de AWS para ofrecer soluciones personalizadas y seguras a nuestros clientes."
https://www.escala24x7.com/en/blog/escala-24x7-protege-y-monitoriza-los-recursos-esenciales-de-sus-clientes-en-aws-como-partner-experto-en-servicios-de-seguridad-administrados/,"Escala 24x7 se complace en anunciar que ha alcanzado la competencia Level 1 MSSP (Managed Security Service Provider) de Amazon Web Services (AWS), evitando fallas de seguridad para proteger y monitorizar los recursos esenciales de sus clientes."
https://www.escala24x7.com/en/blog/escala-24x7-reafirma-su-liderazgo-en-innovacion-tecnologica-participando-en-el-awspartnerequip-2025-en-seattle/,"El #AWSPartnerEquip 2025 fortalece las competencias de Escala 24x7 en AWS y nos permite anticiparnos a futuras innovaciones, garantizando a nuestros clientes soluciones más seguras, personalizadas y eficientes, alineadas con los retos de la industria financiera."
https://www.escala24x7.com/en/blog/escala-24x7-realizo-su-primer-programa-de-actualizacion-a-ejecutivos-de-la-mano-de-aws-colombia-e-inalde-business-school/,Escala 24x7 se unió con Amazon Web Services Colombia e Inalde Business School para llevar a cabo el programa de actualización a ejecutivos: “El Trabajador del Futuro y la Virtualización del Puesto de Trabajo”
https://www.escala24x7.com/en/blog/escala-24x7-realizo-una-nueva-edicion-de-su-cata-virtual-con-aws-esta-vez-para-el-sector-financiero/,"El pasado jueves 9 de junio, Escala 24x7 realizó una nueva edición de sus ya acostumbradas catas virtuales de la mano de Amazon Web Services, en esta ocasión enfocada al sector financiero"
https://www.escala24x7.com/en/blog/escala-24x7-realizo-una-nueva-edicion-del-workplace-transformation-day-en-medellin-de-la-mano-de-aws-y-el-inalde-business-school/,"Escala 24x7, AWS Colombia y el Inalde Business School organizaron una nueva edición del seminario presencial de actualización a ejecutivos “AWS Workplace Transformation Day: La Innovación en el Puesto de Trabajo”"
https://www.escala24x7.com/en/blog/escala-24x7-recibe-el-premio-apn-rising-star-of-2019/,Escala 24x7 recibe el premio “APN Rising Star of 2019”
https://www.escala24x7.com/en/blog/escala-24x7-recibe-el-think-big-award-en-bogota/,Escala 24x7 recibe el Think Big Award en Bogotá
https://www.escala24x7.com/en/blog/escala-24x7-recibe-mencion-como-innovation-partner-of-the-year-2019/,Escala 24x7 recibe mención como Innovation Partner of the year 2019
https://www.escala24x7.com/en/blog/escala-24x7-recognized-as-aws-partner-of-the-year-for-the-second-consecutive-year/,"Escala 24x7, AWS Partner of the Year in LATAM for the second consecutive year, stands out for outstanding innovation and service, solidifying its leadership in cloud technology."
https://www.escala24x7.com/en/blog/escala-24x7-reconocida-por-isg-provider-lens-tm-en-el-ecosistema-de-socios-aws-2024/,El reciente ISG Provider Lens™ AWS Ecosystem Partners 2024 destaca a Escala 24x7 como líder en el ecosistema de socios de AWS en México. Este primer informe de ISG sobre partners de AWS marca un hito que refuerza el rol de Escala 24x7 en la transformación digital de México y América Latina.
https://www.escala24x7.com/en/blog/escala-24x7-reconocida-por-su-labor-de-consultoria-y-equipo-experto-en-awsreinvent-2025/,Escala 24x7 es reconocida en AWS re:Invent 2025 por su liderazgo en certificaciones y su aporte estratégico como Consulting Partner en Latinoamérica.
https://www.escala24x7.com/en/blog/escala-24x7-reduce-costos-operativos-a-sus-clientes-en-un-51-promoviendo-migraciones-mas-rapidas-economicas-y-eficientes-para-las-empresas-de-latam/,"Si una de las metas de su organización para el 2023 es la de optimizar o migrar sus cargas de trabajo a la nube para poder así aumentar su ventaja competitiva, impulsar el valor comercial y modernizar su infraestructura, Escala 24x7, Partner Premier de Amazon Web Services (AWS), le brinda el apoyo necesario en este camino."
https://www.escala24x7.com/en/blog/escala-24x7-se-consolida-como-lider-regional-tras-ganar-por-segunda-vez-el-galardon-system-integrator-of-the-year-en-latam/,"En Escala 24x7, ganamos el premio ""System Integrator of the Year"" en el AWS Partner Summit en Bogotá y en Santiago de Chile. Líderes en soluciones cloud, estamos emocionados por lo que está por venir y agradecemos a nuestro equipo y clientes por su apoyo. ¡Sigamos haciendo historia!"
https://www.escala24x7.com/en/blog/escala-24x7-se-pone-la-camiseta-mexicana-en-el-aws-summit-2024/,"#AWSSummit México 2024 reunió a líderes tecnológicos en Expo Santa Fe. Escala 24x7, Sponsor Silver, reafirmó su compromiso con la computación en la nube."
https://www.escala24x7.com/en/blog/escala-24x7-se-une-al-aws-generative-ai-innovation-center-para-acelerar-la-innovacion-en-america-latina/,Escala 24x7 ha formado una alianza estratégica con el AWS Generative AI Innovation Center para ofrecer a las empresas en Latinoamérica acceso a soluciones de inteligencia artificial generativa de última generación.
https://www.escala24x7.com/en/blog/escala-24x7-y-aws-firman-un-acuerdo-de-colaboracion-estrategica-sca-para-acelerar-la-adopcion-de-nube-y-de-ia-generativa-en-latinoamerica/,"Escala 24x7 y AWS suscriben un Acuerdo de Colaboración Estratégica de cinco años, una alianza diseñada para acelerar la adopción de nube e IA Generativa en Latinoamérica, potenciando la innovación, modernización y transformación digital de las empresas en toda la región."
https://www.escala24x7.com/en/blog/escala-24x7-y-aws-impulsan-la-innovacion-financiera-en-el-congreso-nuam-asobolsa-cartagena-2024/,"Escala 24x7 y AWS lideraron sesiones en Congreso NUAM Asobolsa sobre innovación, IA, seguridad y nube en el sector financiero."
https://www.escala24x7.com/en/blog/escala-24x7-y-aws-organizan-una-nueva-edicion-de-su-cata-virtual-para-chile/,Escala 24x7 y AWS organizan una nueva edición de su cata virtual para Chile
https://www.escala24x7.com/en/blog/escala-24x7-y-aws-organizaron-el-primer-workshop-de-euc-en-la-ciudad-de-mexico/,"Escala 24x7 y AWS organizaron, en las oficinas de AWS en la Ciudad de México, el primer workshop EUC (AWS End User Computing), que se centró en cómo habilitar la productividad remota desde cualquier lugar y cualquier dispositivo con Escritorios Virtuales Administrados (DaaS)."
https://www.escala24x7.com/en/blog/escala-24x7-y-aws-organizaron-un-after-office-de-clase-mundial-en-la-ciudad-de-mexico/,"El pasado 4 de noviembre Escala 24x7 y AWS organizaron, en la Ciudad de México, un evento con temática del Mundial Qatar 2022 para 15 gerentes tecnológicos de importantes empresas de la región."
https://www.escala24x7.com/en/blog/escala-24x7-y-aws-realizan-el-aws-executive-loft-mexico-city-2022/,"El pasado 6 de septiembre Escala 24x7 realizó, junto con Amazon Web Services, el AWS Executive Loft Mexico City 2022, en el PH Sinaloa 195. El evento fue tan agradable como informativo, ya que asistieron 30 gerentes tecnológicos de importantes empresas mexicanas."
https://www.escala24x7.com/en/blog/escala-24x7-y-aws-realizan-una-nueva-edicion-de-su-meet-grill-ahora-para-empresas-de-cdmx/,"Escala 24x7 y AWS realizan una nueva edición de su Meet & Grill, ahora para empresas de CDMX"
https://www.escala24x7.com/en/blog/escala-24x7-y-danaconnect-potenciando-la-transformacion-digital-en-la-industria-financiera-y-de-seguros-con-inteligencia-artificial/,Escala 24x7 y DANAConnect se unen para impulsar la transformación digital en finanzas y seguros con IA. La automatización inteligente y la personalización mejoran la eficiencia y la experiencia del cliente.
https://www.escala24x7.com/en/blog/escala-24x7-y-su-impacto-en-el-estreno-del-aws-cloud-experience-en-peru/,"Escala 24x7 brilló como Gold Sponsor en el AWS Cloud Experience Perú. En un stand temático de Star Wars, atrajimos a visitantes, compartimos ideas y celebramos la tecnología. La charla de Agustín Carrizo sobre FinOps en AWS cautivó a la audiencia."
https://www.escala24x7.com/en/blog/escala-24x7-ya-esta-en-mexico/,"Escala abrio sus oficinas en Monterrey, México."
https://www.escala24x7.com/en/blog/escalando-la-ia-generativa-en-aws/,"Cómo escalar GenAI con éxito: estrategias, buenas prácticas y factores clave para convertir la IA generativa en valor real para tu organización."
https://www.escala24x7.com/en/blog/establishment-labs-asegura-la-salud-de-su-infraestructura-aws-con-el-apoyo-de-escala-24-7/,"Con más de 10 años en la fabricación de implantes mamarios, Establishment Labs se ha establecido como una empresa innovadora y progresiva en el mercado global. Día a día, su equipo se enfoca en mejorar sus prácticas y tecnologías, para ofrecer servicios de la más alta calidad, y bajo los más estrictos estándares."
https://www.escala24x7.com/en/blog/establishment-labs-asegura-la-salud-de-su-infraestructura-aws-con-el-apoyo-de-escala-24x7/,Establishment Labs asegura la salud de su infraestructura AWS con el apoyo de Escala 24x7
https://www.escala24x7.com/en/blog/establishment-labs-reduce-en-65-sus-costos-de-virtualizacion-de-aplicaciones-en-aws-implementando-una-estrategia-de-finops-junto-a-escala-24x7/,Establishment Labs migró a la nube de AWS en el año 2021 de la mano de Escala 24x7
https://www.escala24x7.com/en/blog/estas-maximizando-tu-inversion-en-la-nube-asi-lo-lograron-empresas-lideres-en-argentina-chile-y-peru-con-aws-y-escala-24x7/,"Empresas líderes en Argentina, Chile y Perú redujeron costos hasta un 90% y aceleraron su operación con AWS y Escala 24x7. Descubre cómo optimizar tu nube con impacto real en el negocio."
https://www.escala24x7.com/en/blog/exito-rotundo-en-el-workshop-habilitando-la-productividad-hibrida-con-amazon-workspaces-y-amazon-appstream-2-0-en-guatemala/,"El pasado 27 de abril, tuvo lugar en Guatemala el WorkShop, titulado ""EUC Habilitando la productividad híbrida con Amazon WorkSpaces y Amazon AppStream 2.0."
https://www.escala24x7.com/en/blog/financieras-de-costa-rica-compartieron-un-desayuno-exclusivo-junto-a-aws-y-escala-24x7/,Este 16 de marzo diferentes cooperativas financieras de Costa Rica compartieron un desayuno exclusivo junto al equipo de Escala 24x7 en las oficinas de Amazon Web Services.
https://www.escala24x7.com/en/blog/finops-ahorre-de-forma-sostenida/,"La visión de FinOps es hacer uso efectivo de cada dólar invertido en consumos cloud, permitiendo aportar valor al negocio y habilitar la flexibilidad de su uso que lleva a la innovación y ahorro de dinero."
https://www.escala24x7.com/en/blog/flybondi-se-apoya-en-aws-y-escala-24x7-para-brindar-la-libertad-de-volar-a-argentina/,Flybondi se apoya en AWS y Escala 24x7 para brindar la libertad de volar a Argentina
https://www.escala24x7.com/en/blog/futuro-digital-suramerica/,"La nube ya no es una opción, es una urgencia estratégica en Argentina, Chile y Perú. Descubre cómo Escala 24x7 ayuda a empresas de la región a transformar su TI en ventaja competitiva."
https://www.escala24x7.com/en/blog/genai-en-sudamerica-del-hype-a-la-ventaja-competitiva/,Descubre cómo empresas en Sudamérica ya están aplicando GenAI para generar valor real. Casos de uso y pasos clave para el éxito.
https://www.escala24x7.com/en/blog/grupo-almo-gana-visibilidad-y-estabilidad-en-aws-junto-a-escala-24x7/,Grupo Almo gana visibilidad y estabilidad en AWS junto a Escala 24x7
https://www.escala24x7.com/en/blog/grupo-mallen-implementa-war-para-potenciar-la-infraestructura-de-camsoft-junto-a-escala-24x7/,Grupo Mallen implementa WAR para potenciar la infraestructura de CAMSOFT junto a Escala 24x7
https://www.escala24x7.com/en/blog/grupo-quimmco-asume-el-reto-de-migrar-oracle-ebs-a-aws-con-escala-24x7-y-ot-consulting/,"Grupo Quimmco asume el reto de migrar Oracle EBS a AWS, con Escala 24x7 y OT Consulting"
https://www.escala24x7.com/en/blog/grupo-stefanini-anuncia-a-aquisicao-do-principal-parceiro-da-aws-na-america-latina/,"Temos excelentes notícias para compartilhar! A Escala 24x7 está se unindo ao Grupo Stefanini em uma aliança estratégica que nos permitirá oferecer a vocês soluções AWS ainda mais robustas e inovadoras, impulsionando a transformação digital da sua organização com ainda mais força."
https://www.escala24x7.com/en/blog/guou-finance-blinda-su-infraestructura-100-serverless-junto-a-aws-y-escala-24x7/,"Guou Finance, proyecto Fintech de Penta Financiero, nace hace 3 años como una red colaborativa donde proveedores y pagadores chilenos se comunican, cooperan y trabajan en conjunto, a través de una sólida plataforma de gestión con foco en la seguridad, transparencia y rapidez. Comprometidos con el desarrollo de soluciones innovadoras, este grupo de profesionales decide recurrir a AWS para sus necesidades de infraestructura."
https://www.escala24x7.com/en/blog/habilitando-federacion-sso-azure-con-amazon-quicksight/,"Si su organización usa Azure Active Directory (Azure AD) para aplicaciones en la nube, puede habilitar el inicio de sesión único (SSO) para aplicaciones como Amazon QuickSight sin necesidad de crear otra cuenta de usuario o recordar contraseñas."
https://www.escala24x7.com/en/blog/home-office-con-amazon-workspaces-tu-escritorio-a-un-click-de-distancia/,"Amazon WorkSpaces, una solución que permite administrar tu escritorio, sea Windows o Linux, con seguridad y rapidez, agilizando procesos a empresas con miles de usuarios. Una administración de hardware simple, con pago por uso (por mes o por hora) permite a los usuarios acceder a un escritorio rápido y con buena capacidad de respuesta, disponible en cualquier momento, lugar y desde cualquier dispositivo compatible."
https://www.escala24x7.com/en/blog/implementando-sap-gui-en-amazon-appstream-2-0/,Implementando SAP GUI en Amazon AppStream 2.0
https://www.escala24x7.com/en/blog/implementando-un-enterprise-service-bus-con-api-gateway-y-aws-fargate/,"A simple vista, un Enterprise Service Bus (ESB) no es más que una herramienta que facilita la integración de diferentes aplicaciones a través de un canal (bus) y que permite desacoplar los sistemas unos de otros."
https://www.escala24x7.com/en/blog/impulsando-la-innovacion-y-transformacion-de-cempro-en-el-primer-ebc-de-escala-24x7-junto-a-aws/,"En el primer EBC de Escala 24x7 y AWS en Miami, Cementos Progreso de Guatemala exploró la transformación digital con expertos, fortaleciendo su liderazgo en tecnología y colaboración."
https://www.escala24x7.com/en/blog/impulsando-la-resiliencia-financiera-en-america-latina-con-aws-y-escala-24x7/,"AWS y Escala 24x7 ofrecen soluciones clave para fortalecer la seguridad y eficiencia de instituciones financieras, adaptándose a fluctuaciones y garantizando continuidad operativa."
https://www.escala24x7.com/en/blog/impulsando-la-transformacion-digital-en-latinoamerica-workshop-con-aws-y-escala-24x7-en-chile/,"Escala 24x7 realizó un Workshop en Chile sobre Amazon WorkSpaces y AppStream 2.0, promoviendo soluciones en la nube y la productividad híbrida en Latinoamérica."
https://www.escala24x7.com/en/blog/imsa-inicia-su-carrera-hacia-la-nube-publica-migrando-sap-s-4hana-junto-a-aws-y-escala-24x7/,IMSA inicia su carrera hacia la nube pública migrando SAP S/4HANA junto a AWS y Escala 24x7
https://www.escala24x7.com/en/blog/innovacion-asegurada-la-nube-como-motor-de-cambio-en-la-industria-aseguradora/,"La nube transforma el sector asegurador, mejorando la personalización, la experiencia del cliente y la innovación. Escala 24x7, especializado en AWS, lidera la transformación digital."
https://www.escala24x7.com/en/blog/innovacion-y-pura-vida-la-experiencia-de-escala-24x7-en-el-aws-cloud-experience-san-jose-costa-rica-2023/,"Escala 24x7 destacó en el AWS Cloud Experience San José 2023 con innovación y compromiso, fortaleciendo alianzas y promoviendo soluciones en la nube en Latinoamérica."
https://www.escala24x7.com/en/blog/innovaciones-de-aws-en-el-re-invent-2023-impacto-en-el-sector-financiero/,"AWS Re:Invent 2023 presenta avances en IA, Aprendizaje Automático, Data & Analytics, Gestión, Seguridad. Destacan mejoras para transformación digital en finanzas."
https://www.escala24x7.com/en/blog/integracion-y-optimizacion-la-estrategia-que-redujo-en-42-los-costos-de-infraestructura-de-mirgor/,"Mirgor, una compañía argentina con 40 años de experiencia, utiliza tecnología para mejorar sectores como industrial, comercial y automotriz. Integraron la nube de AWS con Escala 24x7 para optimizar su infraestructura, logrando reducir tiempos y costos, y mejorando la disponibilidad y el análisis de datos. Buscan seguir innovando y creciendo con tecnología para ser líderes a nivel mundial."
https://www.escala24x7.com/en/blog/la-escalaneta-de-la-nube-escala-24x7-demuestra-trabajo-en-equipo-en-el-aws-cloud-experience-argentina/,"Escala 24x7 brilló en el AWS Cloud Experience Argentina, evento donde se destacó el trabajo en equipo, la pasión por la tecnología y la experiencia en migración, modernización, análisis de datos y más."
https://www.escala24x7.com/en/blog/la-latino-seguros-apuesta-por-escala-24x7-y-aws-para-continuar-su-camino-de-transformacion-digital/,"La Latino Seguros elige a Escala 24x7 y AWS para avanzar en su transformación digital, impulsando su competitividad y seguridad."
https://www.escala24x7.com/en/blog/la-nueva-region-aws-en-chile-un-impulso-decisivo-para-la-transformacion-digital-en-sudamerica/,La llegada de la nueva región AWS en Chile marca un hito para la transformación digital en Sudamérica. Esta inversión histórica abre nuevas oportunidades para las empresas del sector financiero y en Escala 24x7 estamos listos para potenciar este crecimiento con soluciones a la medida.
https://www.escala24x7.com/en/blog/la-reinvencion-de-los-negocios-la-modernizacion-reescribe-las-reglas-del-juego-empresarial/,"La modernización con AWS y Escala 24x7 es clave para el éxito empresarial. Te permite ser más ágil, seguro y adaptable, lo que te ayuda a responder a las oportunidades del mercado, proteger tus datos y crear nuevos productos. El caso de éxito de Grupo LAFISE demuestra el poder de la transformación digital."
https://www.escala24x7.com/en/blog/la-revolucion-de-la-inteligencia-artificial-generativa-en-los-servicios-financieros/,"La inteligencia artificial generativa revoluciona el mundo financiero, mejorando eficiencia, experiencia del cliente y servicios. AWS y Escala 24x7 ofrecen soluciones seguras y efectivas para implementar esta tecnología"
https://www.escala24x7.com/en/blog/la-uao-apuesta-por-la-innovacion-en-la-educacion-con-amazon-web-services-y-escala-24x7/,La UAO apuesta por la innovación en la educación con Amazon Web Services y Escala 24x7
https://www.escala24x7.com/en/blog/liderando-la-innovacion-en-la-nube-escala-24x7-dijo-presente-en-el-aws-cloud-experience-chile-2023/,"Escala 24x7 participo en el AWS Cloud Experience Chile 2023, destacando su competencia en servicios cloud. Comprometidos con la excelencia y la innovación, continúan transformando el sector tecnológico y liderando soluciones cloud en América Latina."
https://www.escala24x7.com/en/blog/magna-motors-pone-al-cliente-por-delante-con-la-ayuda-de-amazon-web-services-y-escala-24x7/,Magna Motors pone al cliente por delante con la ayuda de Amazon Web Services y Escala 24x7
https://www.escala24x7.com/en/blog/master-of-pipelines/,Master of Pipelines
https://www.escala24x7.com/en/blog/mercantil-andina-optimiza-la-seguridad-de-sus-operaciones-en-aws-junto-a-escala-24x7/,"Mercantil Andina escogió a Escala 24x7 como socios tecnológicos para el despliegue de las operaciones. El Partner Premier de AWS les brindó el liderazgo, acompañamiento y herramientas que requerían para poder realizar este proceso de manera óptima."
https://www.escala24x7.com/en/blog/migracion-de-datos-desde-sap-hec-hana-enterprise-cloud-hacia-aws/,Migración de datos desde SAP HEC (Hana Enterprise Cloud) hacia AWS
https://www.escala24x7.com/en/blog/modernizacion-nube-aws-argentina/,"Organizaciones líderes de Argentina ya dieron el salto a la nube con AWS y Escala 24x7. Descubre cómo Pampa Energía, Flybondi, CABAL, PECOM y más transformaron su operación, redujeron costos y ganaron agilidad."
https://www.escala24x7.com/en/blog/monterrey-se-transforma-con-el-aws-application-modernization-roadshow-aprendiendo-sobre-contenedores-y-arquitecturas-serverless-con-aws-y-escala-24x7/,El pasado jueves 11 y viernes 12 de mayo se realizó el Workshop de dos días organizado por Escala 24x7 y AWS: el AWS Application Modernization Roadshow.
https://www.escala24x7.com/en/blog/multi-llm-en-aws-estrategias-enrutamiento-genai/,"Descubre cómo el enrutamiento Multi-LLM en AWS optimiza costos, mejora latencia y garantiza calidad constante en aplicaciones de IA generativa."
https://www.escala24x7.com/en/blog/nivel-de-resiliencia-desbloqueado-con-la-competencia-ndeg-12-en-aws-para-escala-24x7/,"Escala 24x7, partner latinoamericano con la competencia AWS en Resiliencia. Transformamos la infraestructura AWS para la recuperación ante incidentes y preparamos a tu organización para el futuro."
https://www.escala24x7.com/en/blog/optimizacion-de-costos-en-la-nube-a-traves-de-ia-una-alianza-entre-cast-ai-y-escala-24x7/,"Escala 24x7 y CAST AI se unen para revolucionar la optimización de costos en la nube en LATAM, ofreciendo ahorros y mejoras de infraestructura."
https://www.escala24x7.com/en/blog/panama-innova-en-productividad-hibrida-junto-a-aws-y-escala-24x7/,"El 25 de abril, en el Hotel Intercontinental Miramar de Panamá, vivimos una experiencia increíble junto a AWS: un WorkShop titulado ""Habilitando la productividad híbrida con Amazon WorkSpaces y Amazon AppStream 2.0""."
https://www.escala24x7.com/en/blog/pecom-transforma-su-proceso-de-analisis-de-datos-implementando-su-data-lake-en-aws/,"PECOM, una importante empresa de servicios, construcción y productos de energía, decidió implementar un Data Lake en Amazon Web Services (AWS) con el apoyo de Escala 24x7 como socio estratégico de AWS."
https://www.escala24x7.com/en/blog/peru-da-un-paso-mas-hacia-la-productividad-hibrida-con-escala-24x7-y-aws/,"Escala 24x7 y AWS presentaron en Lima, Perú el Workshop sobre productividad híbrida con Amazon WorkSpaces y Amazon AppStream 2.0, destacando la importancia de la computación en la nube para mejorar entornos de trabajo y aumentar la flexibilidad y productividad de los empleados."
https://www.escala24x7.com/en/blog/protegiendo-tus-recursos-en-aws-como-escala-24x7-refuerza-la-seguridad-de-tus-datos-y-aplicaciones/,"En AWS, la seguridad es la prioridad número uno. ¿Estás buscando formas de mejorar tu posición de seguridad y cumplimiento en tus cuentas de AWS? En nuestro equipo de servicios profesionales, podemos ayudarte a implementar las mejores prácticas de seguridad para proteger tus recursos en AWS."
https://www.escala24x7.com/en/blog/proyectando-el-futuro-financiero-con-aws-y-escala-24x7-un-viaje-hacia-la-transformacion-digital/,"En el webinar AWS en el Mundo Financiero, la alianza AWS-Escala 24x7 destaca la revolución de la nube, resaltando seguridad y la IA generativa para instituciones financieras líderes en su camino hacia la transformación digital."
https://www.escala24x7.com/en/blog/reescribir-el-futuro-del-seguro-como-las-lideres-del-sector-estan-usando-la-nube-para-transformarse/,"Descubre cómo las aseguradoras líderes en el Cono Sur están usando la nube para transformarse, mejorar la experiencia del cliente y liderar la evolución del sector."
https://www.escala24x7.com/en/blog/resiliencia-en-aws-proteccion-que-sostiene-tu-negocio/,"Prepárate para lo inesperado con Escala 24x7, partner certificado en Resiliencia y Seguridad en AWS. Descubre cómo proteger tu negocio, garantizar continuidad y convertir los desafíos en oportunidades."
https://www.escala24x7.com/en/blog/resiliencia-en-la-nube-claves-para-una-recuperacion-de-desastres-eficaz/,"Preparación esencial para la nube: Estrategias de recuperación de desastres, servicios de AWS, consultoría personalizada para proteger negocios ante fallos tecnológicos."
https://www.escala24x7.com/en/blog/revive-el-exclusivo-desayuno-de-escala-24x7-y-aws-en-chile-enfocado-en-como-optimizar-recursos-en-la-nube/,"El 9 de mayo, Escala 24x7 organizó un desayuno exclusivo en las modernas oficinas de AWS en Chile"
https://www.escala24x7.com/en/blog/ser-san-antonio-se-beneficia-de-la-escalabilidad-de-amazon-web-services/,SER San Antonio se beneficia de la escalabilidad de Amazon Web Services (AWS) de la mano de Escala 24x7
https://www.escala24x7.com/en/blog/service-disruption-in-the-public-cloud/,"This week’s AWS disruption is yet another reminder of an important principle from Werner Vogels, CTO at AWS, “Everything will eventually fail over time”."
https://www.escala24x7.com/en/blog/snap-finance-transforma-su-soporte-de-ti-interno-con-un-chatbot-inteligente-en-aws/,"Snap Finance modernizó su soporte TI en Costa Rica con IA en AWS, automatizando respuestas y reduciendo tickets gracias a una solución diseñada por Escala 24x7.
Con Amazon Lex, Bedrock y Kendra, la empresa logró autogestión eficiente, menor carga operativa y una experiencia interna más ágil y estratégica."
https://www.escala24x7.com/en/blog/specification-as-code-by-alejandro-planas/,Evita errores con prompts mal definidos. Descubre cómo Specification as Code mejora la gobernanza y precisión en proyectos de inteligencia artificial.
https://www.escala24x7.com/en/blog/sportline-impulsa-la-eficiencia-y-calidad-del-negocio-implementando-un-data-lake-sobre-aws/,"Escala 24x7 brinda apoyo a Sportline, una de las empresas de retail deportivo más grandes de Latinoamérica, en la implementación de un Data Lake en la nube para lograr una mejor gestión de sus datos y poder obtener informaciónvaliosa para el negocio."
https://www.escala24x7.com/en/blog/stefanini-group-announces-the-acquisition-of-the-leading-aws-partner-in-latin-america/,"We have excellent news to share! Escala 24x7 is joining the Stefanini Group in a strategic alliance that will enable us to offer you even more robust and innovative AWS solutions, driving your organization's digital transformation with even greater strength."
https://www.escala24x7.com/en/blog/transformacion-de-archivos-xml-a-parquet/,"En este post, explicaremos cómo preparar y procesar archivos XML para su conversión a Parquet, un formato de archivo optimizado para consultas y análisis en AWS"
https://www.escala24x7.com/en/blog/transformacion-digital-suramerica/,"Líderes en Argentina, Chile y Perú ya transformaron su TI en motor de crecimiento con AWS y Escala 24x7. ¿Tu empresa está lista?"
https://www.escala24x7.com/en/blog/tu-infraestructura-en-la-nube-esta-realmente-optimizada/,"Migrar a la nube es solo el primer paso. La verdadera optimización ocurre cuando tecnología y negocio se alinean para generar eficiencia, agilidad y valor real."
https://www.escala24x7.com/en/blog/tvn-media-consigue-una-solucion-a-la-medida-en-aws-con-el-apoyo-de-escala-24x7/,"TVN Media consigue una solución “a la medida”en AWS, con el apoyo de Escala 24x7"
https://www.escala24x7.com/en/blog/un-paso-adelante-en-la-seguridad-digital-el-impacto-del-evento-exclusivo-en-lima-con-aws-y-escala-24x7/,"El evento ""Fortaleciendo tu Seguridad y Resiliencia en la Nube"" reunió a expertos de Escala 24x7 y AWS para compartir experiencias y estrategias sobre seguridad y resiliencia en la nube para empresas en América Latina."
https://www.escala24x7.com/en/blog/una-fiesta-de-modernizacion-estelar-el-exito-del-eba-de-escala-24x7/,"Evento EBA de Escala 24x7 y Grupo Comercial Control en Monterrey acelera la adopción de la nube con innovación, colaboración y temática Star Wars. ¡Éxito tecnológico y cultural!"
https://www.escala24x7.com/en/blog/una-nube-mas-cerca-una-vision-mas-clara-cierra-la-brecha-entre-tu-estrategia-y-el-futuro-con-escala-24x7/,Una nube más cerca. Una visión más clara. Cierra la brecha entre tu estrategia y el futuro con Escala 24x7.
https://www.escala24x7.com/en/blog/una-nueva-era-en-la-modernizacion-de-ibmi-y-aix-el-acuerdo-connectria-aws-y-su-impacto-positivo-para-los-clientes-de-escala-24x7/,"El Acuerdo de Colaboración Estratégica entre Connectria y AWS, respaldado por Escala 24x7, marca un hito en la modernización de sistemas IBM hacia la nube de AWS, simplificando el proceso y prometiendo crecimiento e innovación para las empresas en Latinoamérica."
https://www.escala24x7.com/en/blog/viajes-exito-sigue-creciendo-en-colombia-con-el-apoyo-de-amazon-web-services-y-escala-24x7/,"Las nuevas tendencias evidenciaron que la mejor decisión a tomar era dar el paso a la nube, y al analizar las opciones de IaaS del mercado, identificaron a Amazon Web Services como uno de los jugadores más importantes del área, y que ha generado mejores resultados."
https://www.escala24x7.com/en/blog/virgin-mobile-centraliza-sus-operaciones-y-reduce-hasta-un-30-en-costos-con-una-metodologia-finops/,"Virgin Mobile Latin America encontró en Escala 24x7 un aliado clave para optimizar su infraestructura en la nube de AWS. Gracias a la metodología FinOps implementada por Escala 24x7, redujeron costos en un 30% y centralizaron operaciones en tres países"
https://www.escala24x7.com/en/blog/webinar-conozca-las-mejores-practicas-de-arquitectura-iaas/,"Mejores prácticas de Arquitectura de AWS para lograr construir una infrestructura Cloud escalable, resilente y tolerante a fallos."
https://www.escala24x7.com/en/blog/xxiv-congreso-latinoamericano-de-tecnologia-e-innovacion-clab-panama-2024/,CLAB Panamá 2024 reunió a líderes del sector financiero y tecnológico. Escala 24x7 presentó soluciones innovadoras basadas en AWS. Charlas y demostraciones mostraron cómo optimizar operaciones y mejorar la experiencia del usuario.
https://www.escala24x7.com/energia,"Soluciones con enfoque Cloud Done Right®: migración, IA generativa, data y seguridad en AWS para maximizar valor y continuidad a tu negocio."
https://www.escala24x7.com/finanzas,"Soluciones con enfoque Cloud Done Right®: migración, IA generativa, data y seguridad en AWS para maximizar valor y continuidad a tu negocio."
https://www.escala24x7.com/ia-generativa,"Soluciones con enfoque Cloud Done Right®: migración, IA generativa, data y seguridad en AWS para maximizar valor y continuidad a tu negocio."
https://www.escala24x7.com/ingenieria-de-datos,"Soluciones con enfoque Cloud Done Right®: migración, IA generativa, data y seguridad en AWS para maximizar valor y continuidad a tu negocio."
https://www.escala24x7.com/isg-provider-lens,"Soluciones con enfoque Cloud Done Right®: migración, IA generativa, data y seguridad en AWS para maximizar valor y continuidad a tu negocio."
https://www.escala24x7.com/migraciones,"Soluciones con enfoque Cloud Done Right®: migración, IA generativa, data y seguridad en AWS para maximizar valor y continuidad a tu negocio."
https://www.escala24x7.com/monitoreo,"Soluciones con enfoque Cloud Done Right®: migración, IA generativa, data y seguridad en AWS para maximizar valor y continuidad a tu negocio."
https://www.escala24x7.com/monitoring,"Soluciones con enfoque Cloud Done Right®: migración, IA generativa, data y seguridad en AWS para maximizar valor y continuidad a tu negocio."
https://www.escala24x7.com/nuestra-experiencia,"Soluciones con enfoque Cloud Done Right®: migración, IA generativa, data y seguridad en AWS para maximizar valor y continuidad a tu negocio."
https://www.escala24x7.com/nuestro-compromiso-con-el-medio-ambiente,"Soluciones con enfoque Cloud Done Right®: migración, IA generativa, data y seguridad en AWS para maximizar valor y continuidad a tu negocio."
https://www.escala24x7.com/nuestro-equipo,"Soluciones con enfoque Cloud Done Right®: migración, IA generativa, data y seguridad en AWS para maximizar valor y continuidad a tu negocio."
https://www.escala24x7.com/orbis-action,"Soluciones con enfoque Cloud Done Right®: migración, IA generativa, data y seguridad en AWS para maximizar valor y continuidad a tu negocio."
https://www.escala24x7.com/pt/blog/10-elementos-de-aws-esenciales-para-mejorar-la-seguridad-en-su-cuenta/,En este artículo buscamos hacerle conocer 10 elementos fundamentales para mejorar la seguridad en una cuenta o carga de trabajo en AWS
https://www.escala24x7.com/pt/blog/5-estrategias-de-ahorro-al-contratar-servicios-aws/,5 estrategias de ahorro al contratar servicios AWS
https://www.escala24x7.com/pt/blog/6-tendencias-cloud-2024-para-empresas-en-america-latina/,"Escala 24x7, Socio AWS del Año - LATAM, lidera la transformación en la nube en 2024. Descarga el eBook para guiar tu empresa en la era digital. ¡Contáctanos!"
https://www.escala24x7.com/pt/blog/a-new-era-in-ibmi-and-aix-modernization-the-connectria-aws-agreement-and-its-positive-impact-for-escala-24x7-customers/,"Connectria and AWS's recent Strategic Collaboration Agreement, supported by Escala 24x7, is a milestone in modernizing IBM systems for AWS cloud. Simplifying the process, it promises growth and innovation for businesses in Latin America."
https://www.escala24x7.com/pt/blog/abc-de-un-datalake/,"Los lagos de datos con tecnología de AWS, están respaldados por la disponibilidad inigualable de Amazon S3 y pueden manejar los siguientes 3 enfoques: la escala, la agilidad y la flexibilidad."
https://www.escala24x7.com/pt/blog/administracion-delegada-de-aws-sso/,Administración delegada de AWS SSO
https://www.escala24x7.com/pt/blog/agilidad-la-tendencia-que-cobra-mas-fuerza-dia-a-dia/,"Durante muchos años, y a lo largo del desarrollo de mi vida profesional y académica, he observado como cliente interno y usuario de sistemas de información, como los CIO y los CFO batallan entre la rapidez de tener recursos tecnológicos y su costo."
https://www.escala24x7.com/pt/blog/agilizando-los-backups-de-sistemas-sap-hana-con-el-agente-backint-de-aws/,Agilizando los Backups de sistemas SAP HANA con el agente Backint de AWS
https://www.escala24x7.com/pt/blog/ai-for-finops-como-la-inteligencia-artificial-transforma-la-gestion-financiera-en-la-nube/,"Descubre cómo AI for FinOps combina Inteligencia Artificial y prácticas FinOps para optimizar costos en la nube, mejorar la toma de decisiones y maximizar el retorno de inversión en AWS."
https://www.escala24x7.com/pt/blog/allianz-migra-el-primer-exadata-de-oracle-a-aws-en-la-region-con-el-apoyo-de-escala-24x7/,"Allianz migra el primer exadata de Oracle a AWS en la región, con el apoyo de Escala 24x7"
https://www.escala24x7.com/pt/blog/amazon-sigue-apostando-por-la-sostenibilidad-ambiental-con-su-nueva-herramienta-para-medir-la-huella-de-carbono-de-sus-clientes/,"Hay diversas organizaciones de toda índole que están trabajando para establecer objetivos de sustentabilidad y asumiendo compromisos para alcanzarlos. En pro de brindarles mayor visibilidad sobre la huella de carbono de su infraestructura de nube, AWS desarrolló una nueva herramienta de Huella de Carbono"
https://www.escala24x7.com/pt/blog/amazon-workspaces-ayuda-a-las-pymes-a-dejar-los-servidores/,"Amazon WorkSpaces puede ofrecer espacios de trabajo virtuales para un sinnúmero de usuarios, con un entorno administrado y un asequible sistema de pago por uso."
https://www.escala24x7.com/pt/blog/arquitectura-madura-ia-generativa-escalar-con-confianza/,"Descubre cómo diseñar una arquitectura madura de IA generativa que combine datos, seguridad y escalabilidad para impulsar innovación con confianza."
https://www.escala24x7.com/pt/blog/asi-vivimos-en-escala-24x7-el-fallo-de-crowdstrike-una-cronica-de-resiliencia-y-trabajo-en-equipo/,"Una actualización de CrowdStrike causó una interrupción masiva en sistemas Windows. Escala 24x7 respondió rápidamente, recuperando los workspaces afectados de un cliente a través de trabajo en equipo y soluciones personalizadas."
https://www.escala24x7.com/pt/blog/aws-quicksight-despliegue-de-graficas-historicas-de-las-metricas-de-aws-connect/,"AWS Connect, es una herramienta de centro de contactos en la nube que proporciona una experiencia ágil y continua de las comunicaciones por voz y chat para todos sus clientes y agentes."
https://www.escala24x7.com/pt/blog/aws-y-escala-24x7-los-lideres-indiscutibles-en-servicios-en-la-nube-en-america-latina-para-2023/,AWS lidera los servicios en la nube en América Latina en 2023 según IDC MarketScape. Su alianza con Escala 24x7 ofrece soluciones de transformación digital y expertise regional.
https://www.escala24x7.com/pt/blog/banesco-seguros-republica-dominicana-convierte-lo-intangible-en-confiable-con-aws-y-escala-24x7/,"Se disponen entonces a analizar diversos proveedores en búsqueda de una herramienta robusta que garantizase los niveles de disponibilidad y seguridad que buscaban, características que encontraron en Amazon Web Services, líderes en brindar infraestructura como servicio. Una vez definido el proveedor, deciden dar este paso de la mano de Escala 24x7, un partner con un número importante de migraciones exitosas, que ofrecía costos razonables y tiempos atractivos."
https://www.escala24x7.com/pt/blog/bias-drift-decay-como-gobernar-la-ai-con-confianza/,"Cómo gobernar la IA con confianza frente a bias, drift y decay. Descubre cómo un enfoque sólido de Gobierno de IA permite anticipar riesgos, mantener el control y sostener el valor del negocio en el tiempo."
https://www.escala24x7.com/pt/blog/blindando-el-futuro-digital-estrategias-de-seguridad-en-aws-para-ejecutivos-c-level/,"Descubre cómo los líderes empresariales pueden fortalecer la resiliencia digital mediante estrategias de seguridad en AWS, combinando prácticas avanzadas y decisiones estratégicas para proteger activos en la nube."
https://www.escala24x7.com/pt/blog/cabal-mimetiza-el-dinamismo-del-mundo-financiero-con-aws-y-escala-24x7/,Cabal mimetiza el dinamismo del mundo financiero con AWS y Escala 24x7
https://www.escala24x7.com/pt/blog/cata-de-ciberseguridad-una-experiencia-unica-en-republica-dominicana-junto-a-aws-trendmicro-y-escala-24x7/,"El pasado 25 de mayo, se celebró un evento excepcional en República Dominicana que fusionó el mundo de la ciberseguridad con el placer de degustar vinos de calidad en Cava Alta"
https://www.escala24x7.com/pt/blog/celebramos-una-nueva-edicion-de-desayuna-con-los-expertos-de-aws-y-escala-24x7-en-chile/,El pasado martes 27 de septiembre realizamos una nueva edición de: Desayuna con los expertos de AWS y Escala 24x7 en Santiago de Chile.
https://www.escala24x7.com/pt/blog/ciberseguridad-e-innovacion-una-experiencia-exclusiva-en-el-metaverso-de-escala-24x7-con-aws-y-trend-micro/,"Escala 24x7, AWS y Trend Micro organizaron un evento virtual en el Metaverso de Escala 24x7, explorando soluciones de ciberseguridad en entornos virtuales interactivos. Expertos presentaron tendencias y soluciones, mientras los participantes disfrutaron de una experiencia inmersiva."
https://www.escala24x7.com/pt/blog/cloud-foundations-el-acelerador-de-tu-transformacion-a-la-nube/,"Cloud Foundations de Escala 24x7: Tu aliado en la adopción de la nube, simplificando, asegurando y optimizando, respaldado por historias de éxito"
https://www.escala24x7.com/pt/blog/cloud-solutions-provider-reduce-70-tiempos-de-auditoria-con-ia/,"Una empresa tecnológica en LATAM transformó su auditoría interna al reducir en 70% el tiempo de respuesta con IA en AWS, gracias a una solución conjunta con Escala 24x7.
El uso de Amazon Bedrock, arquitectura sin servidor y automatización DevOps optimizó recursos, elevando la precisión y liberando al equipo para decisiones estratégicas."
https://www.escala24x7.com/pt/blog/como-cumplir-con-las-regulaciones-de-seguridad-en-la-nube-para-servicios-financieros-en-peru-en-2025/,"Escala 24x7, en colaboración con AWS y la Superintendencia de Banca, Seguros y AFP (SBS), organizó un desayuno en Lima, Perú, para líderes del sector financiero. Hablamos sobre los desafíos y oportunidades de la nube en 2025, con un foco en cómo cumplir con regulaciones y asegurar la protección de los datos."
https://www.escala24x7.com/pt/blog/como-escala-24x7-mejora-la-productividad-de-su-empresa-utilizando-appstream-2-0/,Como Escala 24x7 mejora la productividad de su empresa utilizando Appstream 2.0
https://www.escala24x7.com/pt/blog/como-la-nube-se-esta-convirtiendo-en-una-realidad-favorable-para-el-sector-financiero/,Las instituciones financieras se encuentran ahora con una gran oportunidad para hacer uso de tecnologías emergentes como la nube y lograr una transformación digital favorable para su negocio.
https://www.escala24x7.com/pt/blog/como-migrar-sus-bases-de-datos-a-la-nube-de-aws-de-manera-facil-segura-practica-y-economica/,"Uno de los recursos más importantes, dentro de una organización son sus datos tanto históricos como transaccionales. La data para toda empresa tiene un valor incalculable, por lo que mantener la disponibilidad, fiabilidad, escalabilidad y la eficiencia es un reto constante."
https://www.escala24x7.com/pt/blog/como-recuperarse-de-una-falla-en-instancias-ec2-que-alojan-sistemas-sap/,¿Cómo recuperarse de una falla en instancias EC2 que alojan sistemas SAP?
https://www.escala24x7.com/pt/blog/connectria-y-escala-24x7-anuncian-alianza-para-atender-a-los-clientes-ibm-de-latam/,Connectria y Escala 24x7 anuncian alianza para atender a los clientes IBM de LATAM
https://www.escala24x7.com/pt/blog/conoce-que-es-el-map-y-como-puede-ayudarte-a-migrar-tu-proyecto-a-la-nube/,"Las migraciones empresariales pueden ser muy complejas y llevar mucho tiempo entre la planificación y la ejecución. Para facilitar y agilizar este proceso a las organizaciones que están considerando migrar a la nube, Amazon Web Services (AWS) creó el programa Migration Acceleration Program (MAP), basado en su experiencia migrando a miles de organizaciones a la nube."
https://www.escala24x7.com/pt/blog/contenedores-windows-sobre-ecs/,Contenedores Windows sobre ECS
https://www.escala24x7.com/pt/blog/corporacion-talentum-reduce-un-50-en-tiempos-de-despliegue-y-desarrollo-junto-a-aws-y-escala-24x7/,"Corporación Talentum, una reconocida ONG colombiana, se asoció con AWS y Escala 24x7 para reducir en un 50% los tiempos de despliegue y desarrollo a través de una gestión eficiente de la infraestructura en la nube. Esta colaboración les ha brindado seguridad, experiencia y soporte, permitiendo la expansión de Talentum a mercados internacionales."
https://www.escala24x7.com/pt/blog/costa-rica-vivio-la-experiencia-habilitando-la-productividad-hibrida-con-amazon-connect-amazon-appstream-2-0-con-aws-y-escala-24x7/,"El pasado jueves 09 de febrero se dieron cita 16 profesionales del área de TI, quienes pudieron descubrir y fortalecer habilidades en la construcción de espacios de trabajo digital a través de las funcionalidades de AWS Connect y Amazon AppStream 2.0"
https://www.escala24x7.com/pt/blog/credix-logra-la-eficiencia-de-costos-de-iaas-con-el-apoyo-constante-de-escala-24x7/,Credix logra la eficiencia de costos de IaaS con el apoyo constante de Escala 24x7
https://www.escala24x7.com/pt/blog/de-silos-a-decisiones-la-transformacion-energetica-en-sudamerica-con-aws-y-escala-24x7/,Las empresas energéticas en Sudamérica están rompiendo silos con AWS y Escala 24x7. Descubre cómo transformar datos en decisiones estratégicas.
https://www.escala24x7.com/pt/blog/descifrando-el-futuro-la-promesa-de-la-ia-generativa-en-la-era-aws/,El evento organizado por Escala 24x7 en las oficinas de Amazon Web Services en Ciudad de México el 7 de septiembre se centró en la Inteligencia Artificial Generativa y su impacto en el mundo empresarial.
https://www.escala24x7.com/pt/blog/descifrando-la-inteligencia-artificial-y-la-ia-generativa/,"IA generativa en finanzas: revolución para la banca. Automatiza tareas, reduce costos, mejora la experiencia del cliente y aumenta la seguridad. AWS e Escala 24x7 te ayudan a adoptarla."
https://www.escala24x7.com/pt/blog/descubriendo-el-fascinante-mundo-de-la-nube-con-aws-y-escala-24x7/,"Exploramos la nube de AWS, desmitificando términos en nuestro glosario de Cloud Computing. Descárgalo para una guía clara en el fascinante mundo de la nube."
https://www.escala24x7.com/pt/blog/descubriendo-horizontes-en-kubecon-cloudnativecon-2023/,"Escala 24x7 destaca avances en KubeCon 2023, resaltando soluciones AWS y la importancia de ArgoCD en GitOps para despliegues eficientes y seguros."
https://www.escala24x7.com/pt/blog/develando-el-exito-en-la-nube-estrategias-para-maximizar-el-roi-empresarial/,"Evento en Bogotá sobre estrategias cloud para maximizar ROI. Se habló de migraciones exitosas, resiliencia, FinOps y colaboración entre Escala 24x7 y AWS para una adopción personalizada."
https://www.escala24x7.com/pt/blog/document-manager-de-danaconnect-gana-alta-disponibilidad-escalabilidad-y-seguridad-en-aws/,"Document Manager de DANAConnect gana alta disponibilidad, escalabilidad y seguridad en AWS"
https://www.escala24x7.com/pt/blog/dominando-desafios-y-soluciones-en-seguridad-publica-y-recuperacion-de-desastres/,"Escala 24x7, líder en América Latina en Public Safety de AWS, ofrece soluciones personalizadas para desafíos tecnológicos y recuperación ante desastres. ¡Prepárate con nosotros!"
https://www.escala24x7.com/pt/blog/ecuador-se-suma-a-la-ola-de-productividad-hibrida-con-amazon-workspaces-y-appstream-2-0-junto-a-aws-y-escala-24x7/,"El 16 de mayo se llevó a cabo el WorkShop ""Habilitando la productividad híbrida con Amazon WorkSpaces y Amazon AppStream 2.0"" en Quito, Ecuador, en las instalaciones del Swissote, en el centro del mundo."
https://www.escala24x7.com/pt/blog/el-costo-de-la-no-innovacion/,"En un entorno empresarial donde la tecnología moldea la competencia, la adopción de la nube emerge como imperativo. Empresas que muestran reticencia hacia esta transición se exponen a pérdida de eficiencia y competitividad."
https://www.escala24x7.com/pt/blog/el-grupo-stefanini-anuncia-la-adquisicion-del-partner-principal-de-aws-en-america-latina/,"¡Tenemos excelentes noticias para compartir! Escala 24x7 se une al Grupo Stefanini en una alianza estratégica que nos permitirá ofrecerles soluciones AWS aún más robustas e innovadoras, impulsando la transformación digital de su organización con mayor fuerza."
https://www.escala24x7.com/pt/blog/el-valor-de-contar-con-expertos-celebrando-el-compromiso-de-excelencia-con-nuestros-clientes/,Escala 24x7 destaca la importancia de las certificaciones AWS y celebra su logro en obtener la distinción de certificación de APN.
https://www.escala24x7.com/pt/blog/encuentro-exclusivo-con-connectria-aws-y-escala-24x7-abordando-soluciones-hibridas-y-eficaces-en-la-nube/,"Los días 21 y 23 de marzo, en las oficinas de AWS en Chile y The Westin Lima Hotel & Convention en Perú, celebramos encuentros exclusivos organizados por Connectria, AWS y Escala 24x7."
https://www.escala24x7.com/pt/blog/entaeh-ofrece-su-excelente-soporte-sap-con-el-apoyo-de-aws-y-escala-24x7/,"Con el apoyo de Escala 24x7 ENTAEH ya ha comenzado a implementar distintas soluciones de SAP con el soporte de Escala 24x7 y han logrado superar 3 verificaciones de SAP, manteniendo su status de Gold y de PCOE (Partner Center Of Expertise)."
https://www.escala24x7.com/pt/blog/escala-24-7-es-el-primer-y-unico-partner-en-conseguir-la-competencia-de-energia-de-aws/,"Escala 24x7 anunció hoy que ha alcanzado la Competencia de Energía de Amazon Web Services, Inc. (AWS). Esta designación reconoce que Escala 24x7 ha demostrado una amplia experiencia ayudando a los clientes a aprovechar la tecnología en la nube de AWS para transformar sistemas complejos y acelerar la transición hacia un futuro energético sostenible."
https://www.escala24x7.com/pt/blog/escala-24x7-acelera-la-transformacion-digital-de-sus-clientes-comprobando-su-experiencia-en-devops/,"Escala 24x7 acelera la Transformación Digital de sus clientes, comprobando su experiencia en DevOps"
https://www.escala24x7.com/pt/blog/escala-24x7-achieves-aws-premier-partner-status/,Escala 24x7 Achieves AWS Premier Partner Status
https://www.escala24x7.com/pt/blog/escala-24x7-alcanza-un-nuevo-peldano-primero-en-latinoamerica-en-probar-su-experticia-en-cloud-operations-de-aws/,"Escala 24x7 destaca como líder en Cloud Operations de AWS en Latinoamérica, brindando soluciones integrales y eficientes para gobernanza, costos y seguridad en la nube, con 11 competencias."
https://www.escala24x7.com/pt/blog/escala-24x7-announces-support-for-application-operations-on-aws/,"Escala 24x7, AWS Premier Partner in Latin America, enhances support with AWS Application Operations for streamlined application management and improved customer outcomes."
https://www.escala24x7.com/pt/blog/escala-24x7-anuncia-el-soporte-a-application-operations-en-aws/,"Escala 24x7, Partner Premier de AWS , da su respaldo a Application Operations en AWS ya que fortalece la gestión de recursos, proporcionando a los usuarios una visión integral para monitorear costo, salud, seguridad y rendimiento de aplicaciones."
https://www.escala24x7.com/pt/blog/escala-24x7-apoya-al-centro-financiero-bhd-en-la-implementacion-de-aws-para-billet-una-nueva-solucion-financiera/,"Se llevó a cabo el lanzamiento de Billet, una innovadora solución financiera para el mercado dominicano con el respaldo del Centro Financiero BHD. Escala 24x7 tuvo el honor de aportar a esta novedosa solución como socio encargado de la implementación de los servicios de AWS para el proyecto de Billet"
https://www.escala24x7.com/pt/blog/escala-24x7-cautivo-a-los-participantes-del-aws-summit-bogota-2022/,El 4 de octubre se celebró el AWS Summit Bogotá 2022 y Escala 24x7 participó como patrocinante
https://www.escala24x7.com/pt/blog/escala-24x7-certificacion-ola-qualified-partner-de-aws-un-paso-mas-hacia-la-excelencia-en-la-nube/,"Escala 24x7, socio principal de AWS en Latinoamérica, obtuvo la certificación OLA de AWS. Esto permite a Escala 24x7 realizar evaluaciones para optimizar los recursos tecnológicos de sus clientes, logrando ahorros de hasta 36% en cómputo y 49% en licencias."
https://www.escala24x7.com/pt/blog/escala-24x7-comprueba-su-experticia-en-data-y-analitica-obteniendo-una-decima-competencia-de-aws/,"Escala 24x7 obtiene la competencia de Data y Analítica de AWS, fortaleciendo su portafolio de especialidades y su capacidad para ofrecer soluciones avanzadas en la nube."
https://www.escala24x7.com/pt/blog/escala-24x7-confirma-su-profunda-experiencia-en-servicios-de-consultoria-de-seguridad-aws-actualizando-su-competencia-de-seguridad-en-el-2022/,"Este re-lanzamiento representa un reto más alto, lleno de nuevos requisitos y conceptos, que requirió que Escala fuese más allá de los servicios de seguridad de AWS, demostrando ser un referente no solo en la tecnología de AWS sino en el campo de la seguridad cibernética."
https://www.escala24x7.com/pt/blog/escala-24x7-da-potencia-a-su-operacion-en-republica-dominicana-con-el-nombramiento-de-robert-f-santos-como-business-development-manager/,Escala 24x7 da potencia a su operación en República Dominicana con el nombramiento de Robert F. Santos como  Business Development Manager
https://www.escala24x7.com/pt/blog/escala-24x7-demuestra-su-experiencia-en-el-sector-financiero-alcanzando-una-nueva-certificacion/,"Escala 24x7 demuestra su experiencia en el sector financiero, alcanzando una nueva certificación"
https://www.escala24x7.com/pt/blog/escala-24x7-dice-presente-en-el-aws-summit-mexico-2022/,El pasado 21 y 22 de septiembre la Expo Santa Fe de Ciudad de México fue el lugar que recibió a toda la comunidad cloud para disfrutar del AWS Summit México 2022.
https://www.escala24x7.com/pt/blog/escala-24x7-dijo-presente-en-el-finnosummit-connect-de-mexico/,"El Finnosummit de México, se llevó a cabo en Cancún entre el 14 y el 17 de febrero."
https://www.escala24x7.com/pt/blog/escala-24x7-dives-deep-into-generative-ai-security-resilience-cloudops-and-next-gen-devops-at-the-aws-partnerequip-seattle-2024/,"Escala 24x7 leads cloud innovation at #AWSPartnerEquip, gains exclusive AWS insights for client solutions."
https://www.escala24x7.com/pt/blog/escala-24x7-en-el-aws-cloud-experience-bogota-2023-una-experiencia-de-innovacion/,Escala 24x7 destaca en el AWS Cloud Experience Bogotá 2023 con charlas sobre modernización bancaria usando AWS y fortalece alianzas estratégicas para la innovación tecnológica.
https://www.escala24x7.com/pt/blog/escala-24x7-en-el-epicentro-de-la-innovacion-una-gran-experiencia-en-el-aws-summit-ciudad-de-mexico-2023/,"En el AWS Summit Ciudad de México 2023, Escala 24x7 junto a CAST AI, Dynatrace e Intel, lideraron discusiones sobre nube, fomentando colaboración e innovación. El evento dejó lecciones, conexiones y emoción por futuras oportunidades de crecimiento en el mundo de AWS. ¡Hasta la próxima, México! 🚀🇲🇽"
https://www.escala24x7.com/pt/blog/escala-24x7-en-el-foro-de-innovacion-y-emprendimiento-una-vision-hacia-la-sostenibilidad/,"Escala 24x7 promueve la innovación con impacto social y la sostenibilidad empresarial en el Foro IMEF, buscando un futuro inclusivo y responsable. #GoGreenWithEscala24x7"
https://www.escala24x7.com/pt/blog/escala-24x7-en-el-volcano-innovation-summit-2024-una-explosion-de-innovacion-y-transformacion/,"El Volcano Innovation Summit 2024 impulsó la innovación en Latinoamérica. Escala 24x7 compartió su experiencia en transformación digital, inspirando a los asistentes a construir un futuro lleno de posibilidades."
https://www.escala24x7.com/pt/blog/escala-24x7-en-the-data-journey-una-jornada-de-aprendizaje-e-inclusion/,"Escala 24x7 patrocina ""The Data Journey"" en Argentina, evento destacado en Data y Analytics en América Latina, enfocándose en inclusión y liderazgo en tecnología."
https://www.escala24x7.com/pt/blog/escala-24x7-es-ahora-socio-premier-de-aws/,Escala 24x7 es ahora Socio Premier de AWS
https://www.escala24x7.com/pt/blog/escala-24x7-es-ahora-un-advanced-partner-de-aws/,"Escala 24x7 es ahora un Advanced Partner de AWS, lo que demuestra su experiencia y compromiso de en ayudar a clientes de todos los tamaños a diseñar, proyectar, crear, migrar y administrar cargas de trabajo y aplicaciones en AWS."
https://www.escala24x7.com/pt/blog/escala-24x7-es-ahora-un-well-architected-partner/,¡Escala 24x7 es ahora un Well-Architected Partner!
https://www.escala24x7.com/pt/blog/escala-24x7-es-el-migration-partner-of-the-year-2022-para-latinoamerica/,AWS reconoce a Escala 24x7 como líder en la tarea de apoyar a los clientes de LATAM a impulsar la innovación a través de migraciones exitosas.
https://www.escala24x7.com/pt/blog/escala-24x7-es-el-primer-miembro-de-la-finops-foundation-en-latam/,"FinOps es una disciplina de gestión financiera en la nube y una práctica cultural que permite a las organizaciones obtener el máximo valor comercial al ayudar a los equipos de ingeniería, finanzas, tecnología y negocios a colaborar en las decisiones de gasto basadas en datos"
https://www.escala24x7.com/pt/blog/escala-24x7-es-el-primer-partner-de-aws-en-latam-en-obtener-el-aws-security-competency/,Escala 24x7 es el primer partner de AWS en LATAM en obtener el AWS Security Competency
https://www.escala24x7.com/pt/blog/escala-24x7-es-el-primer-partner-en-latam-en-conseguir-la-competencia-de-public-safety-disast/,"Escala 24x7, socio consultor avanzado de AWS y uno de los más grandes de LATAM, anunció hoy que ha logrado la Competencia de Seguridad Pública y Respuesta a Desastres de Amazon Web Services (AWS)."
https://www.escala24x7.com/pt/blog/escala-24x7-es-el-primer-y-unico-partner-en-conseguir-la-competencia-de-energia-de-aws/,"Escala 24x7 anunció hoy que ha alcanzado la Competencia de Energía de Amazon Web Services, Inc. (AWS). Esta designación reconoce que Escala 24x7 ha demostrado una amplia experiencia ayudando a los clientes a aprovechar la tecnología en la nube de AWS para transformar sistemas complejos y acelerar la transición hacia un futuro energético sostenible."
https://www.escala24x7.com/pt/blog/escala-24x7-es-reconocida-con-el-premio-aws-rising-star-partner-of-the-year-en-el-partner-summit-2022-en-santiago-de-chile/,Escala 24x7 fue galardonada con el premio “AWS Rising Star Partner of the Year” en el Partner Summit 2022 en Santiago de Chile
https://www.escala24x7.com/pt/blog/escala-24x7-es-reconocida-con-tres-premios-en-el-partner-summit-de-centroamerica-y-caribe/,"Escala 24x7 fue reconocida con los premios “AWS Service Partner of the Year”, “AWS Migration & Modernización Partner of the Year” y “AWS Enterprise Workload Partner of the Year” en el Partner Summit de Centroamérica y Caribe 2022."
https://www.escala24x7.com/pt/blog/escala-24x7-es-reconocido-como-partner-del-ano-de-aws-por-segundo-ano-consecutivo/,"Escala 24x7, Partner del Año de AWS en LATAM por segundo año, destaca por innovación y servicio excepcionales, siendo líder en tecnología en la nube."
https://www.escala24x7.com/pt/blog/escala-24x7-es-reconocido-como-system-integrator-of-the-year-para-latinoamerica/,"Escala 24x7 gana el premio ""System Integrator of the Year"" en el AWS Partner Summit de Latinoamérica por su destacada labor en soluciones en la nube."
https://www.escala24x7.com/pt/blog/escala-24x7-es-reconocido-con-el-premio-global-public-sector-partner-award-de-aws/,Escala 24x7 es reconocido con el premio Global Public Sector Partner Award de AWS
https://www.escala24x7.com/pt/blog/escala-24x7-es-reconocido-con-el-premio-well-architected-partner-of-the-year-en-el-partner-summit-de-bogota/,Escala 24x7 tuvo el gran honor de recibir el reconocimiento de “Well-Architected Partner of the Year” en el Partner Summit en la ciudad de Bogotá
https://www.escala24x7.com/pt/blog/escala-24x7-es-reconocido-por-partida-doble-en-el-aws-partner-summit-2022-en-buenos-aires/,Escala 24x7 es reconocida con los premios “AWS Enterprise Workloads Partner of the Year” y “AWS Top Partner Marketing Performer of the Year” en el AWS Partner Summit 2022 en Bueos Aires.
https://www.escala24x7.com/pt/blog/escala-24x7-es-reconocido-por-vmware-como-partner-certificado-en-vmware-cloud-on-aws/,"Escala 24x7 es certificado en ""VMware Cloud on AWS"", lo que permite migrar de manera exitosa a la nube de AWS desde VMware."
https://www.escala24x7.com/pt/blog/escala-24x7-experto-en-migraciones-a-la-nube-de-aws/,"Escala 24x7, experto en Migraciones a la Nube de AWS"
https://www.escala24x7.com/pt/blog/escala-24x7-formaliza-su-operacion-en-ecuador-llevando-la-innovacion-a-las-empresas-de-la-region/,Escala 24x7 ha iniciado formalmente su operación en Ecuador.
https://www.escala24x7.com/pt/blog/escala-24x7-fortalece-su-portafolio-de-soluciones-para-pymes-en-latam-al-obtener-la-competencia-aws-smb/,"Escala 24x7 obtiene la competencia AWS SMB, consolidándose como líder en soluciones cloud para PYMES en Latam, impulsando su crecimiento y eficiencia."
https://www.escala24x7.com/pt/blog/escala-24x7-ganadora-en-aws-partner-summit-2018-argentina/,Escala 24x7 ganadora en AWS Partner Summit 2018 Argentina
https://www.escala24x7.com/pt/blog/escala-24x7-goles-de-innovacion-en-el-aws-summit-bogota-2024/,"Escala 24x7 brilló en AWS Summit Bogotá 2024 mostrando soluciones innovadoras en la nube, compromiso del equipo y agradeciendo a AWS y colaboradores."
https://www.escala24x7.com/pt/blog/escala-24x7-ha-sido-designado-aws-consulting-partner-of-the-year-y-aws-migration-partner-of-the-year/,"En esta edición de los AWS Partner Awards, Escala 24x7, Partner Premier (Q3 2021) fue reconocido por partida doble, siendo acreditados con los títulos de “AWS Consulting Partner of the Year” y “AWS Migration Partner of the Year”"
https://www.escala24x7.com/pt/blog/escala-24x7-habilita-el-trabajo-remoto-en-su-organizacion-con-tecnologias-de-aws/,Escala 24x7 habilita el trabajo remoto en su organización con tecnologías de AWS
https://www.escala24x7.com/pt/blog/escala-24x7-inaugura-sus-nuevas-oficinas-en-la-ciudad-de-miami/,"El pasado 10 de noviembre Escala 24x7, Partner Premier de Amazon Web Services, inauguró sus nuevas oficinas en la ciudad de Aventura, Miami (USA)."
https://www.escala24x7.com/pt/blog/escala-24x7-is-latams-migration-partner-of-the-year-2022/,AWS recognizes Escala 24x7 as a leader in helping LATAM customers drive innovation through successful migrations
https://www.escala24x7.com/pt/blog/escala-24x7-lidera-el-ecosistema-aws-segun-isg-provider-lens-tm-2025/,"Escala 24x7 es reconocida por ISG Provider Lens™ 2025 como líder en AWS Professional Services, Managed Services y Enterprise Data Modernization & AI Services. Conoce cómo este reconocimiento impulsa la innovación en la nube y genera valor tangible para las organizaciones en América Latina."
https://www.escala24x7.com/pt/blog/escala-24x7-lleva-la-nube-de-amazon-aws-a-panama/,"Durante el mes de marzo, Escala 24x7 estuvo en Panamá realizando un training de AWS con las diferentes empresas líderes de la región."
https://www.escala24x7.com/pt/blog/escala-24x7-lo-apoya-en-la-migracion-de-sus-windows-server-legados/,Escala 24x7 está certificado por el “Programa de Migración de la Finalización del soporte para Windows Server” como un EMP Partner!
https://www.escala24x7.com/pt/blog/escala-24x7-marca-tendencia-en-ciberseguridad-junto-a-banesco-y-aws/,"El #AWSDay de ciberseguridad contó con líderes de Banesco, GPPCN, AWS y Escala 24x7, destacando tendencias y soluciones para la seguridad digital."
https://www.escala24x7.com/pt/blog/escala-24x7-obtiene-la-certificacion-iso-iec-27001-2022-para-tus-proyectos-en-aws/,"Escala 24x7 obtiene la certificación ISO/IEC 27001:2022, garantizando seguridad de la información, resiliencia y confianza en cada proyecto cloud sobre AWS."
https://www.escala24x7.com/pt/blog/escala-24x7-obtiene-la-competencia-aws-en-genai-inteligencia-que-genera-valor-e-impulsa-resultados/,"Domina el poder de la IA generativa con Escala 24x7, ahora con la Competencia AWS en GenAI. Soluciones reales. Resultados medibles. ¿Listo para liderar?"
https://www.escala24x7.com/pt/blog/escala-24x7-obtiene-la-competencia-de-sap-demostrando-su-trayectoria-y-experiencia-en-sap-on-aws/,"Escala 24x7 obtiene la competencia de SAP, demostrando su trayectoria y experiencia en SAP on AWS"
https://www.escala24x7.com/pt/blog/escala-24x7-ofrecio-un-dinamico-y-exclusivo-meet-grill-en-la-ciudad-de-monterrey-mexico/,"El pasado 30 de marzo, la ciudad de Monterrey fue testigo de un dinámico encuentro en el que Escala 24x7 se alió con la Sociedad Mexicana de Parrilleros para ofrecer un exclusivo ""Meet & Grill"""
https://www.escala24x7.com/pt/blog/escala-24x7-organiza-su-primer-desayuno-en-las-nuevas-oficinas-de-aws-en-chile/,Escala 24x7 organiza su primer desayuno en las nuevas oficinas de AWS en Chile
https://www.escala24x7.com/pt/blog/escala-24x7-organiza-una-exclusiva-cata-de-vinos-para-las-empresas-dominicanas/,Escala 24x7 y Amazon Web Services organizaron una exclusiva cata de vinos de la mano Cava Alta para 30 representantes tecnológicos de prestigiosas empresas de República Dominicana.
https://www.escala24x7.com/pt/blog/escala-24x7-organizo-un-after-office-exclusivo-para-el-equipo-de-banco-pichincha/,"Escala 24x7 y AWS organizaron, el pasado jueves 17 de noviembre, un after office con temática del Mundial Qatar 2022 a la cual asistieron 12 miembros del Banco Pichincha."
https://www.escala24x7.com/pt/blog/escala-24x7-profundiza-sus-habilidades-tecnicas-en-el-awspartnerequip-2024-en-seattle/,"Escala 24x7 destaca en #AWSPartnerEquip 2024, confirmando su liderazgo en innovación tecnológica para el sector financiero. Acceso a la vanguardia de AWS para ofrecer soluciones personalizadas y seguras a nuestros clientes."
https://www.escala24x7.com/pt/blog/escala-24x7-protege-y-monitoriza-los-recursos-esenciales-de-sus-clientes-en-aws-como-partner-experto-en-servicios-de-seguridad-administrados/,"Escala 24x7 se complace en anunciar que ha alcanzado la competencia Level 1 MSSP (Managed Security Service Provider) de Amazon Web Services (AWS), evitando fallas de seguridad para proteger y monitorizar los recursos esenciales de sus clientes."
https://www.escala24x7.com/pt/blog/escala-24x7-reafirma-su-liderazgo-en-innovacion-tecnologica-participando-en-el-awspartnerequip-2025-en-seattle/,"El #AWSPartnerEquip 2025 fortalece las competencias de Escala 24x7 en AWS y nos permite anticiparnos a futuras innovaciones, garantizando a nuestros clientes soluciones más seguras, personalizadas y eficientes, alineadas con los retos de la industria financiera."
https://www.escala24x7.com/pt/blog/escala-24x7-realizo-su-primer-programa-de-actualizacion-a-ejecutivos-de-la-mano-de-aws-colombia-e-inalde-business-school/,Escala 24x7 se unió con Amazon Web Services Colombia e Inalde Business School para llevar a cabo el programa de actualización a ejecutivos: “El Trabajador del Futuro y la Virtualización del Puesto de Trabajo”
https://www.escala24x7.com/pt/blog/escala-24x7-realizo-una-nueva-edicion-de-su-cata-virtual-con-aws-esta-vez-para-el-sector-financiero/,"El pasado jueves 9 de junio, Escala 24x7 realizó una nueva edición de sus ya acostumbradas catas virtuales de la mano de Amazon Web Services, en esta ocasión enfocada al sector financiero"
https://www.escala24x7.com/pt/blog/escala-24x7-realizo-una-nueva-edicion-del-workplace-transformation-day-en-medellin-de-la-mano-de-aws-y-el-inalde-business-school/,"Escala 24x7, AWS Colombia y el Inalde Business School organizaron una nueva edición del seminario presencial de actualización a ejecutivos “AWS Workplace Transformation Day: La Innovación en el Puesto de Trabajo”"
https://www.escala24x7.com/pt/blog/escala-24x7-recibe-el-premio-apn-rising-star-of-2019/,Escala 24x7 recibe el premio “APN Rising Star of 2019”
https://www.escala24x7.com/pt/blog/escala-24x7-recibe-el-think-big-award-en-bogota/,Escala 24x7 recibe el Think Big Award en Bogotá
https://www.escala24x7.com/pt/blog/escala-24x7-recibe-mencion-como-innovation-partner-of-the-year-2019/,Escala 24x7 recibe mención como Innovation Partner of the year 2019
https://www.escala24x7.com/pt/blog/escala-24x7-recognized-as-aws-partner-of-the-year-for-the-second-consecutive-year/,"Escala 24x7, AWS Partner of the Year in LATAM for the second consecutive year, stands out for outstanding innovation and service, solidifying its leadership in cloud technology."
https://www.escala24x7.com/pt/blog/escala-24x7-reconocida-por-isg-provider-lens-tm-en-el-ecosistema-de-socios-aws-2024/,El reciente ISG Provider Lens™ AWS Ecosystem Partners 2024 destaca a Escala 24x7 como líder en el ecosistema de socios de AWS en México. Este primer informe de ISG sobre partners de AWS marca un hito que refuerza el rol de Escala 24x7 en la transformación digital de México y América Latina.
https://www.escala24x7.com/pt/blog/escala-24x7-reconocida-por-su-labor-de-consultoria-y-equipo-experto-en-awsreinvent-2025/,Escala 24x7 es reconocida en AWS re:Invent 2025 por su liderazgo en certificaciones y su aporte estratégico como Consulting Partner en Latinoamérica.
https://www.escala24x7.com/pt/blog/escala-24x7-reduce-costos-operativos-a-sus-clientes-en-un-51-promoviendo-migraciones-mas-rapidas-economicas-y-eficientes-para-las-empresas-de-latam/,"Si una de las metas de su organización para el 2023 es la de optimizar o migrar sus cargas de trabajo a la nube para poder así aumentar su ventaja competitiva, impulsar el valor comercial y modernizar su infraestructura, Escala 24x7, Partner Premier de Amazon Web Services (AWS), le brinda el apoyo necesario en este camino."
https://www.escala24x7.com/pt/blog/escala-24x7-se-consolida-como-lider-regional-tras-ganar-por-segunda-vez-el-galardon-system-integrator-of-the-year-en-latam/,"En Escala 24x7, ganamos el premio ""System Integrator of the Year"" en el AWS Partner Summit en Bogotá y en Santiago de Chile. Líderes en soluciones cloud, estamos emocionados por lo que está por venir y agradecemos a nuestro equipo y clientes por su apoyo. ¡Sigamos haciendo historia!"
https://www.escala24x7.com/pt/blog/escala-24x7-se-pone-la-camiseta-mexicana-en-el-aws-summit-2024/,"#AWSSummit México 2024 reunió a líderes tecnológicos en Expo Santa Fe. Escala 24x7, Sponsor Silver, reafirmó su compromiso con la computación en la nube."
https://www.escala24x7.com/pt/blog/escala-24x7-se-une-al-aws-generative-ai-innovation-center-para-acelerar-la-innovacion-en-america-latina/,Escala 24x7 ha formado una alianza estratégica con el AWS Generative AI Innovation Center para ofrecer a las empresas en Latinoamérica acceso a soluciones de inteligencia artificial generativa de última generación.
https://www.escala24x7.com/pt/blog/escala-24x7-y-aws-firman-un-acuerdo-de-colaboracion-estrategica-sca-para-acelerar-la-adopcion-de-nube-y-de-ia-generativa-en-latinoamerica/,"Escala 24x7 y AWS suscriben un Acuerdo de Colaboración Estratégica de cinco años, una alianza diseñada para acelerar la adopción de nube e IA Generativa en Latinoamérica, potenciando la innovación, modernización y transformación digital de las empresas en toda la región."
https://www.escala24x7.com/pt/blog/escala-24x7-y-aws-impulsan-la-innovacion-financiera-en-el-congreso-nuam-asobolsa-cartagena-2024/,"Escala 24x7 y AWS lideraron sesiones en Congreso NUAM Asobolsa sobre innovación, IA, seguridad y nube en el sector financiero."
https://www.escala24x7.com/pt/blog/escala-24x7-y-aws-organizan-una-nueva-edicion-de-su-cata-virtual-para-chile/,Escala 24x7 y AWS organizan una nueva edición de su cata virtual para Chile
https://www.escala24x7.com/pt/blog/escala-24x7-y-aws-organizaron-el-primer-workshop-de-euc-en-la-ciudad-de-mexico/,"Escala 24x7 y AWS organizaron, en las oficinas de AWS en la Ciudad de México, el primer workshop EUC (AWS End User Computing), que se centró en cómo habilitar la productividad remota desde cualquier lugar y cualquier dispositivo con Escritorios Virtuales Administrados (DaaS)."
https://www.escala24x7.com/pt/blog/escala-24x7-y-aws-organizaron-un-after-office-de-clase-mundial-en-la-ciudad-de-mexico/,"El pasado 4 de noviembre Escala 24x7 y AWS organizaron, en la Ciudad de México, un evento con temática del Mundial Qatar 2022 para 15 gerentes tecnológicos de importantes empresas de la región."
https://www.escala24x7.com/pt/blog/escala-24x7-y-aws-realizan-el-aws-executive-loft-mexico-city-2022/,"El pasado 6 de septiembre Escala 24x7 realizó, junto con Amazon Web Services, el AWS Executive Loft Mexico City 2022, en el PH Sinaloa 195. El evento fue tan agradable como informativo, ya que asistieron 30 gerentes tecnológicos de importantes empresas mexicanas."
https://www.escala24x7.com/pt/blog/escala-24x7-y-aws-realizan-una-nueva-edicion-de-su-meet-grill-ahora-para-empresas-de-cdmx/,"Escala 24x7 y AWS realizan una nueva edición de su Meet & Grill, ahora para empresas de CDMX"
https://www.escala24x7.com/pt/blog/escala-24x7-y-danaconnect-potenciando-la-transformacion-digital-en-la-industria-financiera-y-de-seguros-con-inteligencia-artificial/,Escala 24x7 y DANAConnect se unen para impulsar la transformación digital en finanzas y seguros con IA. La automatización inteligente y la personalización mejoran la eficiencia y la experiencia del cliente.
https://www.escala24x7.com/pt/blog/escala-24x7-y-su-impacto-en-el-estreno-del-aws-cloud-experience-en-peru/,"Escala 24x7 brilló como Gold Sponsor en el AWS Cloud Experience Perú. En un stand temático de Star Wars, atrajimos a visitantes, compartimos ideas y celebramos la tecnología. La charla de Agustín Carrizo sobre FinOps en AWS cautivó a la audiencia."
https://www.escala24x7.com/pt/blog/escala-24x7-ya-esta-en-mexico/,"Escala abrio sus oficinas en Monterrey, México."
https://www.escala24x7.com/pt/blog/escalando-la-ia-generativa-en-aws/,"Cómo escalar GenAI con éxito: estrategias, buenas prácticas y factores clave para convertir la IA generativa en valor real para tu organización."
https://www.escala24x7.com/pt/blog/establishment-labs-asegura-la-salud-de-su-infraestructura-aws-con-el-apoyo-de-escala-24-7/,"Con más de 10 años en la fabricación de implantes mamarios, Establishment Labs se ha establecido como una empresa innovadora y progresiva en el mercado global. Día a día, su equipo se enfoca en mejorar sus prácticas y tecnologías, para ofrecer servicios de la más alta calidad, y bajo los más estrictos estándares."
https://www.escala24x7.com/pt/blog/establishment-labs-asegura-la-salud-de-su-infraestructura-aws-con-el-apoyo-de-escala-24x7/,Establishment Labs asegura la salud de su infraestructura AWS con el apoyo de Escala 24x7
https://www.escala24x7.com/pt/blog/establishment-labs-reduce-en-65-sus-costos-de-virtualizacion-de-aplicaciones-en-aws-implementando-una-estrategia-de-finops-junto-a-escala-24x7/,Establishment Labs migró a la nube de AWS en el año 2021 de la mano de Escala 24x7
https://www.escala24x7.com/pt/blog/estas-maximizando-tu-inversion-en-la-nube-asi-lo-lograron-empresas-lideres-en-argentina-chile-y-peru-con-aws-y-escala-24x7/,"Empresas líderes en Argentina, Chile y Perú redujeron costos hasta un 90% y aceleraron su operación con AWS y Escala 24x7. Descubre cómo optimizar tu nube con impacto real en el negocio."
https://www.escala24x7.com/pt/blog/exito-rotundo-en-el-workshop-habilitando-la-productividad-hibrida-con-amazon-workspaces-y-amazon-appstream-2-0-en-guatemala/,"El pasado 27 de abril, tuvo lugar en Guatemala el WorkShop, titulado ""EUC Habilitando la productividad híbrida con Amazon WorkSpaces y Amazon AppStream 2.0."
https://www.escala24x7.com/pt/blog/financieras-de-costa-rica-compartieron-un-desayuno-exclusivo-junto-a-aws-y-escala-24x7/,Este 16 de marzo diferentes cooperativas financieras de Costa Rica compartieron un desayuno exclusivo junto al equipo de Escala 24x7 en las oficinas de Amazon Web Services.
https://www.escala24x7.com/pt/blog/finops-ahorre-de-forma-sostenida/,"La visión de FinOps es hacer uso efectivo de cada dólar invertido en consumos cloud, permitiendo aportar valor al negocio y habilitar la flexibilidad de su uso que lleva a la innovación y ahorro de dinero."
https://www.escala24x7.com/pt/blog/flybondi-se-apoya-en-aws-y-escala-24x7-para-brindar-la-libertad-de-volar-a-argentina/,Flybondi se apoya en AWS y Escala 24x7 para brindar la libertad de volar a Argentina
https://www.escala24x7.com/pt/blog/futuro-digital-suramerica/,"La nube ya no es una opción, es una urgencia estratégica en Argentina, Chile y Perú. Descubre cómo Escala 24x7 ayuda a empresas de la región a transformar su TI en ventaja competitiva."
https://www.escala24x7.com/pt/blog/genai-en-sudamerica-del-hype-a-la-ventaja-competitiva/,Descubre cómo empresas en Sudamérica ya están aplicando GenAI para generar valor real. Casos de uso y pasos clave para el éxito.
https://www.escala24x7.com/pt/blog/grupo-almo-gana-visibilidad-y-estabilidad-en-aws-junto-a-escala-24x7/,Grupo Almo gana visibilidad y estabilidad en AWS junto a Escala 24x7
https://www.escala24x7.com/pt/blog/grupo-mallen-implementa-war-para-potenciar-la-infraestructura-de-camsoft-junto-a-escala-24x7/,Grupo Mallen implementa WAR para potenciar la infraestructura de CAMSOFT junto a Escala 24x7
https://www.escala24x7.com/pt/blog/grupo-quimmco-asume-el-reto-de-migrar-oracle-ebs-a-aws-con-escala-24x7-y-ot-consulting/,"Grupo Quimmco asume el reto de migrar Oracle EBS a AWS, con Escala 24x7 y OT Consulting"
https://www.escala24x7.com/pt/blog/grupo-stefanini-anuncia-a-aquisicao-do-principal-parceiro-da-aws-na-america-latina/,"Temos excelentes notícias para compartilhar! A Escala 24x7 está se unindo ao Grupo Stefanini em uma aliança estratégica que nos permitirá oferecer a vocês soluções AWS ainda mais robustas e inovadoras, impulsionando a transformação digital da sua organização com ainda mais força."
https://www.escala24x7.com/pt/blog/guou-finance-blinda-su-infraestructura-100-serverless-junto-a-aws-y-escala-24x7/,"Guou Finance, proyecto Fintech de Penta Financiero, nace hace 3 años como una red colaborativa donde proveedores y pagadores chilenos se comunican, cooperan y trabajan en conjunto, a través de una sólida plataforma de gestión con foco en la seguridad, transparencia y rapidez. Comprometidos con el desarrollo de soluciones innovadoras, este grupo de profesionales decide recurrir a AWS para sus necesidades de infraestructura."
https://www.escala24x7.com/pt/blog/habilitando-federacion-sso-azure-con-amazon-quicksight/,"Si su organización usa Azure Active Directory (Azure AD) para aplicaciones en la nube, puede habilitar el inicio de sesión único (SSO) para aplicaciones como Amazon QuickSight sin necesidad de crear otra cuenta de usuario o recordar contraseñas."
https://www.escala24x7.com/pt/blog/home-office-con-amazon-workspaces-tu-escritorio-a-un-click-de-distancia/,"Amazon WorkSpaces, una solución que permite administrar tu escritorio, sea Windows o Linux, con seguridad y rapidez, agilizando procesos a empresas con miles de usuarios. Una administración de hardware simple, con pago por uso (por mes o por hora) permite a los usuarios acceder a un escritorio rápido y con buena capacidad de respuesta, disponible en cualquier momento, lugar y desde cualquier dispositivo compatible."
https://www.escala24x7.com/pt/blog/implementando-sap-gui-en-amazon-appstream-2-0/,Implementando SAP GUI en Amazon AppStream 2.0
https://www.escala24x7.com/pt/blog/implementando-un-enterprise-service-bus-con-api-gateway-y-aws-fargate/,"A simple vista, un Enterprise Service Bus (ESB) no es más que una herramienta que facilita la integración de diferentes aplicaciones a través de un canal (bus) y que permite desacoplar los sistemas unos de otros."
https://www.escala24x7.com/pt/blog/impulsando-la-innovacion-y-transformacion-de-cempro-en-el-primer-ebc-de-escala-24x7-junto-a-aws/,"En el primer EBC de Escala 24x7 y AWS en Miami, Cementos Progreso de Guatemala exploró la transformación digital con expertos, fortaleciendo su liderazgo en tecnología y colaboración."
https://www.escala24x7.com/pt/blog/impulsando-la-resiliencia-financiera-en-america-latina-con-aws-y-escala-24x7/,"AWS y Escala 24x7 ofrecen soluciones clave para fortalecer la seguridad y eficiencia de instituciones financieras, adaptándose a fluctuaciones y garantizando continuidad operativa."
https://www.escala24x7.com/pt/blog/impulsando-la-transformacion-digital-en-latinoamerica-workshop-con-aws-y-escala-24x7-en-chile/,"Escala 24x7 realizó un Workshop en Chile sobre Amazon WorkSpaces y AppStream 2.0, promoviendo soluciones en la nube y la productividad híbrida en Latinoamérica."
https://www.escala24x7.com/pt/blog/imsa-inicia-su-carrera-hacia-la-nube-publica-migrando-sap-s-4hana-junto-a-aws-y-escala-24x7/,IMSA inicia su carrera hacia la nube pública migrando SAP S/4HANA junto a AWS y Escala 24x7
https://www.escala24x7.com/pt/blog/innovacion-asegurada-la-nube-como-motor-de-cambio-en-la-industria-aseguradora/,"La nube transforma el sector asegurador, mejorando la personalización, la experiencia del cliente y la innovación. Escala 24x7, especializado en AWS, lidera la transformación digital."
https://www.escala24x7.com/pt/blog/innovacion-y-pura-vida-la-experiencia-de-escala-24x7-en-el-aws-cloud-experience-san-jose-costa-rica-2023/,"Escala 24x7 destacó en el AWS Cloud Experience San José 2023 con innovación y compromiso, fortaleciendo alianzas y promoviendo soluciones en la nube en Latinoamérica."
https://www.escala24x7.com/pt/blog/innovaciones-de-aws-en-el-re-invent-2023-impacto-en-el-sector-financiero/,"AWS Re:Invent 2023 presenta avances en IA, Aprendizaje Automático, Data & Analytics, Gestión, Seguridad. Destacan mejoras para transformación digital en finanzas."
https://www.escala24x7.com/pt/blog/integracion-y-optimizacion-la-estrategia-que-redujo-en-42-los-costos-de-infraestructura-de-mirgor/,"Mirgor, una compañía argentina con 40 años de experiencia, utiliza tecnología para mejorar sectores como industrial, comercial y automotriz. Integraron la nube de AWS con Escala 24x7 para optimizar su infraestructura, logrando reducir tiempos y costos, y mejorando la disponibilidad y el análisis de datos. Buscan seguir innovando y creciendo con tecnología para ser líderes a nivel mundial."
https://www.escala24x7.com/pt/blog/la-escalaneta-de-la-nube-escala-24x7-demuestra-trabajo-en-equipo-en-el-aws-cloud-experience-argentina/,"Escala 24x7 brilló en el AWS Cloud Experience Argentina, evento donde se destacó el trabajo en equipo, la pasión por la tecnología y la experiencia en migración, modernización, análisis de datos y más."
https://www.escala24x7.com/pt/blog/la-latino-seguros-apuesta-por-escala-24x7-y-aws-para-continuar-su-camino-de-transformacion-digital/,"La Latino Seguros elige a Escala 24x7 y AWS para avanzar en su transformación digital, impulsando su competitividad y seguridad."
https://www.escala24x7.com/pt/blog/la-nueva-region-aws-en-chile-un-impulso-decisivo-para-la-transformacion-digital-en-sudamerica/,La llegada de la nueva región AWS en Chile marca un hito para la transformación digital en Sudamérica. Esta inversión histórica abre nuevas oportunidades para las empresas del sector financiero y en Escala 24x7 estamos listos para potenciar este crecimiento con soluciones a la medida.
https://www.escala24x7.com/pt/blog/la-reinvencion-de-los-negocios-la-modernizacion-reescribe-las-reglas-del-juego-empresarial/,"La modernización con AWS y Escala 24x7 es clave para el éxito empresarial. Te permite ser más ágil, seguro y adaptable, lo que te ayuda a responder a las oportunidades del mercado, proteger tus datos y crear nuevos productos. El caso de éxito de Grupo LAFISE demuestra el poder de la transformación digital."
https://www.escala24x7.com/pt/blog/la-revolucion-de-la-inteligencia-artificial-generativa-en-los-servicios-financieros/,"La inteligencia artificial generativa revoluciona el mundo financiero, mejorando eficiencia, experiencia del cliente y servicios. AWS y Escala 24x7 ofrecen soluciones seguras y efectivas para implementar esta tecnología"
https://www.escala24x7.com/pt/blog/la-uao-apuesta-por-la-innovacion-en-la-educacion-con-amazon-web-services-y-escala-24x7/,La UAO apuesta por la innovación en la educación con Amazon Web Services y Escala 24x7
https://www.escala24x7.com/pt/blog/liderando-la-innovacion-en-la-nube-escala-24x7-dijo-presente-en-el-aws-cloud-experience-chile-2023/,"Escala 24x7 participo en el AWS Cloud Experience Chile 2023, destacando su competencia en servicios cloud. Comprometidos con la excelencia y la innovación, continúan transformando el sector tecnológico y liderando soluciones cloud en América Latina."
https://www.escala24x7.com/pt/blog/magna-motors-pone-al-cliente-por-delante-con-la-ayuda-de-amazon-web-services-y-escala-24x7/,Magna Motors pone al cliente por delante con la ayuda de Amazon Web Services y Escala 24x7
https://www.escala24x7.com/pt/blog/master-of-pipelines/,Master of Pipelines
https://www.escala24x7.com/pt/blog/mercantil-andina-optimiza-la-seguridad-de-sus-operaciones-en-aws-junto-a-escala-24x7/,"Mercantil Andina escogió a Escala 24x7 como socios tecnológicos para el despliegue de las operaciones. El Partner Premier de AWS les brindó el liderazgo, acompañamiento y herramientas que requerían para poder realizar este proceso de manera óptima."
https://www.escala24x7.com/pt/blog/migracion-de-datos-desde-sap-hec-hana-enterprise-cloud-hacia-aws/,Migración de datos desde SAP HEC (Hana Enterprise Cloud) hacia AWS
https://www.escala24x7.com/pt/blog/modernizacion-nube-aws-argentina/,"Organizaciones líderes de Argentina ya dieron el salto a la nube con AWS y Escala 24x7. Descubre cómo Pampa Energía, Flybondi, CABAL, PECOM y más transformaron su operación, redujeron costos y ganaron agilidad."
https://www.escala24x7.com/pt/blog/monterrey-se-transforma-con-el-aws-application-modernization-roadshow-aprendiendo-sobre-contenedores-y-arquitecturas-serverless-con-aws-y-escala-24x7/,El pasado jueves 11 y viernes 12 de mayo se realizó el Workshop de dos días organizado por Escala 24x7 y AWS: el AWS Application Modernization Roadshow.
https://www.escala24x7.com/pt/blog/multi-llm-en-aws-estrategias-enrutamiento-genai/,"Descubre cómo el enrutamiento Multi-LLM en AWS optimiza costos, mejora latencia y garantiza calidad constante en aplicaciones de IA generativa."
https://www.escala24x7.com/pt/blog/nivel-de-resiliencia-desbloqueado-con-la-competencia-ndeg-12-en-aws-para-escala-24x7/,"Escala 24x7, partner latinoamericano con la competencia AWS en Resiliencia. Transformamos la infraestructura AWS para la recuperación ante incidentes y preparamos a tu organización para el futuro."
https://www.escala24x7.com/pt/blog/optimizacion-de-costos-en-la-nube-a-traves-de-ia-una-alianza-entre-cast-ai-y-escala-24x7/,"Escala 24x7 y CAST AI se unen para revolucionar la optimización de costos en la nube en LATAM, ofreciendo ahorros y mejoras de infraestructura."
https://www.escala24x7.com/pt/blog/panama-innova-en-productividad-hibrida-junto-a-aws-y-escala-24x7/,"El 25 de abril, en el Hotel Intercontinental Miramar de Panamá, vivimos una experiencia increíble junto a AWS: un WorkShop titulado ""Habilitando la productividad híbrida con Amazon WorkSpaces y Amazon AppStream 2.0""."
https://www.escala24x7.com/pt/blog/pecom-transforma-su-proceso-de-analisis-de-datos-implementando-su-data-lake-en-aws/,"PECOM, una importante empresa de servicios, construcción y productos de energía, decidió implementar un Data Lake en Amazon Web Services (AWS) con el apoyo de Escala 24x7 como socio estratégico de AWS."
https://www.escala24x7.com/pt/blog/peru-da-un-paso-mas-hacia-la-productividad-hibrida-con-escala-24x7-y-aws/,"Escala 24x7 y AWS presentaron en Lima, Perú el Workshop sobre productividad híbrida con Amazon WorkSpaces y Amazon AppStream 2.0, destacando la importancia de la computación en la nube para mejorar entornos de trabajo y aumentar la flexibilidad y productividad de los empleados."
https://www.escala24x7.com/pt/blog/protegiendo-tus-recursos-en-aws-como-escala-24x7-refuerza-la-seguridad-de-tus-datos-y-aplicaciones/,"En AWS, la seguridad es la prioridad número uno. ¿Estás buscando formas de mejorar tu posición de seguridad y cumplimiento en tus cuentas de AWS? En nuestro equipo de servicios profesionales, podemos ayudarte a implementar las mejores prácticas de seguridad para proteger tus recursos en AWS."
https://www.escala24x7.com/pt/blog/proyectando-el-futuro-financiero-con-aws-y-escala-24x7-un-viaje-hacia-la-transformacion-digital/,"En el webinar AWS en el Mundo Financiero, la alianza AWS-Escala 24x7 destaca la revolución de la nube, resaltando seguridad y la IA generativa para instituciones financieras líderes en su camino hacia la transformación digital."
https://www.escala24x7.com/pt/blog/reescribir-el-futuro-del-seguro-como-las-lideres-del-sector-estan-usando-la-nube-para-transformarse/,"Descubre cómo las aseguradoras líderes en el Cono Sur están usando la nube para transformarse, mejorar la experiencia del cliente y liderar la evolución del sector."
https://www.escala24x7.com/pt/blog/resiliencia-en-aws-proteccion-que-sostiene-tu-negocio/,"Prepárate para lo inesperado con Escala 24x7, partner certificado en Resiliencia y Seguridad en AWS. Descubre cómo proteger tu negocio, garantizar continuidad y convertir los desafíos en oportunidades."
https://www.escala24x7.com/pt/blog/resiliencia-en-la-nube-claves-para-una-recuperacion-de-desastres-eficaz/,"Preparación esencial para la nube: Estrategias de recuperación de desastres, servicios de AWS, consultoría personalizada para proteger negocios ante fallos tecnológicos."
https://www.escala24x7.com/pt/blog/revive-el-exclusivo-desayuno-de-escala-24x7-y-aws-en-chile-enfocado-en-como-optimizar-recursos-en-la-nube/,"El 9 de mayo, Escala 24x7 organizó un desayuno exclusivo en las modernas oficinas de AWS en Chile"
https://www.escala24x7.com/pt/blog/ser-san-antonio-se-beneficia-de-la-escalabilidad-de-amazon-web-services/,SER San Antonio se beneficia de la escalabilidad de Amazon Web Services (AWS) de la mano de Escala 24x7
https://www.escala24x7.com/pt/blog/service-disruption-in-the-public-cloud/,"This week’s AWS disruption is yet another reminder of an important principle from Werner Vogels, CTO at AWS, “Everything will eventually fail over time”."
https://www.escala24x7.com/pt/blog/snap-finance-transforma-su-soporte-de-ti-interno-con-un-chatbot-inteligente-en-aws/,"Snap Finance modernizó su soporte TI en Costa Rica con IA en AWS, automatizando respuestas y reduciendo tickets gracias a una solución diseñada por Escala 24x7.
Con Amazon Lex, Bedrock y Kendra, la empresa logró autogestión eficiente, menor carga operativa y una experiencia interna más ágil y estratégica."
https://www.escala24x7.com/pt/blog/specification-as-code-by-alejandro-planas/,Evita errores con prompts mal definidos. Descubre cómo Specification as Code mejora la gobernanza y precisión en proyectos de inteligencia artificial.
https://www.escala24x7.com/pt/blog/sportline-impulsa-la-eficiencia-y-calidad-del-negocio-implementando-un-data-lake-sobre-aws/,"Escala 24x7 brinda apoyo a Sportline, una de las empresas de retail deportivo más grandes de Latinoamérica, en la implementación de un Data Lake en la nube para lograr una mejor gestión de sus datos y poder obtener informaciónvaliosa para el negocio."
https://www.escala24x7.com/pt/blog/stefanini-group-announces-the-acquisition-of-the-leading-aws-partner-in-latin-america/,"We have excellent news to share! Escala 24x7 is joining the Stefanini Group in a strategic alliance that will enable us to offer you even more robust and innovative AWS solutions, driving your organization's digital transformation with even greater strength."
https://www.escala24x7.com/pt/blog/transformacion-de-archivos-xml-a-parquet/,"En este post, explicaremos cómo preparar y procesar archivos XML para su conversión a Parquet, un formato de archivo optimizado para consultas y análisis en AWS"
https://www.escala24x7.com/pt/blog/transformacion-digital-suramerica/,"Líderes en Argentina, Chile y Perú ya transformaron su TI en motor de crecimiento con AWS y Escala 24x7. ¿Tu empresa está lista?"
https://www.escala24x7.com/pt/blog/tu-infraestructura-en-la-nube-esta-realmente-optimizada/,"Migrar a la nube es solo el primer paso. La verdadera optimización ocurre cuando tecnología y negocio se alinean para generar eficiencia, agilidad y valor real."
https://www.escala24x7.com/pt/blog/tvn-media-consigue-una-solucion-a-la-medida-en-aws-con-el-apoyo-de-escala-24x7/,"TVN Media consigue una solución “a la medida”en AWS, con el apoyo de Escala 24x7"
https://www.escala24x7.com/pt/blog/un-paso-adelante-en-la-seguridad-digital-el-impacto-del-evento-exclusivo-en-lima-con-aws-y-escala-24x7/,"El evento ""Fortaleciendo tu Seguridad y Resiliencia en la Nube"" reunió a expertos de Escala 24x7 y AWS para compartir experiencias y estrategias sobre seguridad y resiliencia en la nube para empresas en América Latina."
https://www.escala24x7.com/pt/blog/una-fiesta-de-modernizacion-estelar-el-exito-del-eba-de-escala-24x7/,"Evento EBA de Escala 24x7 y Grupo Comercial Control en Monterrey acelera la adopción de la nube con innovación, colaboración y temática Star Wars. ¡Éxito tecnológico y cultural!"
https://www.escala24x7.com/pt/blog/una-nube-mas-cerca-una-vision-mas-clara-cierra-la-brecha-entre-tu-estrategia-y-el-futuro-con-escala-24x7/,Una nube más cerca. Una visión más clara. Cierra la brecha entre tu estrategia y el futuro con Escala 24x7.
https://www.escala24x7.com/pt/blog/una-nueva-era-en-la-modernizacion-de-ibmi-y-aix-el-acuerdo-connectria-aws-y-su-impacto-positivo-para-los-clientes-de-escala-24x7/,"El Acuerdo de Colaboración Estratégica entre Connectria y AWS, respaldado por Escala 24x7, marca un hito en la modernización de sistemas IBM hacia la nube de AWS, simplificando el proceso y prometiendo crecimiento e innovación para las empresas en Latinoamérica."
https://www.escala24x7.com/pt/blog/viajes-exito-sigue-creciendo-en-colombia-con-el-apoyo-de-amazon-web-services-y-escala-24x7/,"Las nuevas tendencias evidenciaron que la mejor decisión a tomar era dar el paso a la nube, y al analizar las opciones de IaaS del mercado, identificaron a Amazon Web Services como uno de los jugadores más importantes del área, y que ha generado mejores resultados."
https://www.escala24x7.com/pt/blog/virgin-mobile-centraliza-sus-operaciones-y-reduce-hasta-un-30-en-costos-con-una-metodologia-finops/,"Virgin Mobile Latin America encontró en Escala 24x7 un aliado clave para optimizar su infraestructura en la nube de AWS. Gracias a la metodología FinOps implementada por Escala 24x7, redujeron costos en un 30% y centralizaron operaciones en tres países"
https://www.escala24x7.com/pt/blog/webinar-conozca-las-mejores-practicas-de-arquitectura-iaas/,"Mejores prácticas de Arquitectura de AWS para lograr construir una infrestructura Cloud escalable, resilente y tolerante a fallos."
https://www.escala24x7.com/pt/blog/xxiv-congreso-latinoamericano-de-tecnologia-e-innovacion-clab-panama-2024/,CLAB Panamá 2024 reunió a líderes del sector financiero y tecnológico. Escala 24x7 presentó soluciones innovadoras basadas en AWS. Charlas y demostraciones mostraron cómo optimizar operaciones y mejorar la experiencia del usuario.
https://www.escala24x7.com/public-safety-and-disaster-response,"Soluciones con enfoque Cloud Done Right®: migración, IA generativa, data y seguridad en AWS para maximizar valor y continuidad a tu negocio."
https://www.escala24x7.com/resiliencia,"Soluciones con enfoque Cloud Done Right®: migración, IA generativa, data y seguridad en AWS para maximizar valor y continuidad a tu negocio."
https://www.escala24x7.com/sap-on-aws,"Soluciones con enfoque Cloud Done Right®: migración, IA generativa, data y seguridad en AWS para maximizar valor y continuidad a tu negocio."
https://www.escala24x7.com/security,"Soluciones con enfoque Cloud Done Right®: migración, IA generativa, data y seguridad en AWS para maximizar valor y continuidad a tu negocio."
https://www.escala24x7.com/security-competency,"Soluciones con enfoque Cloud Done Right®: migración, IA generativa, data y seguridad en AWS para maximizar valor y continuidad a tu negocio."
https://www.escala24x7.com/servicios-de-migracion-y-modernizacion,"Soluciones con enfoque Cloud Done Right®: migración, IA generativa, data y seguridad en AWS para maximizar valor y continuidad a tu negocio."
https://www.escala24x7.com/single-post/aws-y-escala-24x7-los-lideres-indiscutibles-en-servicios-en-la-nube-en-america-latina-para-2023,"Soluciones con enfoque Cloud Done Right®: migración, IA generativa, data y seguridad en AWS para maximizar valor y continuidad a tu negocio."
https://www.escala24x7.com/single-post/el-valor-de-contar-con-expertos-celebrando-el-compromiso-de-excelencia-con-nuestros-clientes,"Soluciones con enfoque Cloud Done Right®: migración, IA generativa, data y seguridad en AWS para maximizar valor y continuidad a tu negocio."
https://www.escala24x7.com/single-post/escala-24x7-alcanza-un-nuevo-peldano-primero-en-latinoamerica-en-probar-su-experticia-en-cloud-operations-de-aws,"Soluciones con enfoque Cloud Done Right®: migración, IA generativa, data y seguridad en AWS para maximizar valor y continuidad a tu negocio."
https://www.escala24x7.com/single-post/escala-24x7-anuncia-el-soporte-a-application-operations-en-aws,"Soluciones con enfoque Cloud Done Right®: migración, IA generativa, data y seguridad en AWS para maximizar valor y continuidad a tu negocio."
https://www.escala24x7.com/single-post/escala-24x7-comprueba-su-experticia-en-data-y-analitica-obteniendo-una-decima-competencia-de-aws,"Soluciones con enfoque Cloud Done Right®: migración, IA generativa, data y seguridad en AWS para maximizar valor y continuidad a tu negocio."
https://www.escala24x7.com/single-post/escala-24x7-es-el-migration-partner-of-the-year-2022-para-latinoamerica,"Soluciones con enfoque Cloud Done Right®: migración, IA generativa, data y seguridad en AWS para maximizar valor y continuidad a tu negocio."
https://www.escala24x7.com/single-post/escala-24x7-es-el-primer-partner-en-latam-en-conseguir-la-competencia-de-public-safety-disast,"Soluciones con enfoque Cloud Done Right®: migración, IA generativa, data y seguridad en AWS para maximizar valor y continuidad a tu negocio."
https://www.escala24x7.com/single-post/escala-24x7-es-reconocida-con-el-premio-aws-rising-star-partner-of-the-year-en-el-partner-summit-2022-en-santiago-de-chile,"Soluciones con enfoque Cloud Done Right®: migración, IA generativa, data y seguridad en AWS para maximizar valor y continuidad a tu negocio."
https://www.escala24x7.com/single-post/escala-24x7-es-reconocida-con-tres-premios-en-el-partner-summit-de-centroamerica-y-caribe,"Soluciones con enfoque Cloud Done Right®: migración, IA generativa, data y seguridad en AWS para maximizar valor y continuidad a tu negocio."
https://www.escala24x7.com/single-post/escala-24x7-es-reconocido-como-partner-del-ano-de-aws-por-segundo-ano-consecutivo,"Soluciones con enfoque Cloud Done Right®: migración, IA generativa, data y seguridad en AWS para maximizar valor y continuidad a tu negocio."
https://www.escala24x7.com/single-post/escala-24x7-es-reconocido-como-system-integrator-of-the-year-para-latinoamerica,"Soluciones con enfoque Cloud Done Right®: migración, IA generativa, data y seguridad en AWS para maximizar valor y continuidad a tu negocio."
https://www.escala24x7.com/single-post/escala-24x7-es-reconocido-con-el-premio-well-architected-partner-of-the-year-en-el-partner-summit-de-bogota,"Soluciones con enfoque Cloud Done Right®: migración, IA generativa, data y seguridad en AWS para maximizar valor y continuidad a tu negocio."
https://www.escala24x7.com/single-post/escala-24x7-es-reconocido-por-partida-doble-en-el-aws-partner-summit-2022-en-buenos-aires,"Soluciones con enfoque Cloud Done Right®: migración, IA generativa, data y seguridad en AWS para maximizar valor y continuidad a tu negocio."
https://www.escala24x7.com/single-post/escala-24x7-fortalece-su-portafolio-de-soluciones-para-pymes-en-latam-al-obtener-la-competencia-aws-smb,"Soluciones con enfoque Cloud Done Right®: migración, IA generativa, data y seguridad en AWS para maximizar valor y continuidad a tu negocio."
https://www.escala24x7.com/single-post/escala-24x7-obtiene-la-competencia-aws-en-genai-inteligencia-que-genera-valor-e-impulsa-resultados,"Soluciones con enfoque Cloud Done Right®: migración, IA generativa, data y seguridad en AWS para maximizar valor y continuidad a tu negocio."
https://www.escala24x7.com/single-post/escala-24x7-organizo-un-after-office-exclusivo-para-el-equipo-de-banco-pichincha,"Soluciones con enfoque Cloud Done Right®: migración, IA generativa, data y seguridad en AWS para maximizar valor y continuidad a tu negocio."
https://www.escala24x7.com/single-post/escala-24x7-realizo-su-primer-programa-de-actualizacion-a-ejecutivos-de-la-mano-de-aws-colombia-e-inalde-business-school,"Soluciones con enfoque Cloud Done Right®: migración, IA generativa, data y seguridad en AWS para maximizar valor y continuidad a tu negocio."
https://www.escala24x7.com/single-post/escala-24x7-recognized-as-aws-partner-of-the-year-for-the-second-consecutive-year,"Soluciones con enfoque Cloud Done Right®: migración, IA generativa, data y seguridad en AWS para maximizar valor y continuidad a tu negocio."
https://www.escala24x7.com/single-post/escala-24x7-reconocida-por-isg-provider-lens-tm-en-el-ecosistema-de-socios-aws-2024,"Soluciones con enfoque Cloud Done Right®: migración, IA generativa, data y seguridad en AWS para maximizar valor y continuidad a tu negocio."
https://www.escala24x7.com/single-post/escala-24x7-se-consolida-como-lider-regional-tras-ganar-por-segunda-vez-el-galardon-system-integrator-of-the-year-en-latam,"Soluciones con enfoque Cloud Done Right®: migración, IA generativa, data y seguridad en AWS para maximizar valor y continuidad a tu negocio."
https://www.escala24x7.com/single-post/escala-24x7-y-aws-firman-un-acuerdo-de-colaboracion-estrategica-sca-para-acelerar-la-adopcion-de-nube-y-de-ia-generativa-en-latinoamerica,"Soluciones con enfoque Cloud Done Right®: migración, IA generativa, data y seguridad en AWS para maximizar valor y continuidad a tu negocio."
https://www.escala24x7.com/single-post/habilitando-federaci%C3%B3n-sso-azure-con-amazon-quicksight,"Soluciones con enfoque Cloud Done Right®: migración, IA generativa, data y seguridad en AWS para maximizar valor y continuidad a tu negocio."
https://www.escala24x7.com/single-post/la-latino-seguros-apuesta-por-escala-24x7-y-aws-para-continuar-su-camino-de-transformacion-digital,"Soluciones con enfoque Cloud Done Right®: migración, IA generativa, data y seguridad en AWS para maximizar valor y continuidad a tu negocio."
https://www.escala24x7.com/single-post/master-of-pipelines,"Soluciones con enfoque Cloud Done Right®: migración, IA generativa, data y seguridad en AWS para maximizar valor y continuidad a tu negocio."
https://www.escala24x7.com/single-post/nivel-de-resiliencia-desbloqueado-con-la-competencia-ndeg-12-en-aws-para-escala-24x7,"Soluciones con enfoque Cloud Done Right®: migración, IA generativa, data y seguridad en AWS para maximizar valor y continuidad a tu negocio."
https://www.escala24x7.com/single-post/optimizacion-de-costos-en-la-nube-a-traves-de-ia-una-alianza-entre-cast-ai-y-escala-24x7,"Soluciones con enfoque Cloud Done Right®: migración, IA generativa, data y seguridad en AWS para maximizar valor y continuidad a tu negocio."
https://www.escala24x7.com/single-post/ser-san-antonio-se-beneficia-de-la-escalabilidad-de-amazon-web-services,"Soluciones con enfoque Cloud Done Right®: migración, IA generativa, data y seguridad en AWS para maximizar valor y continuidad a tu negocio."
https://www.escala24x7.com/soluciones-de-analisis-de-datos,"Soluciones con enfoque Cloud Done Right®: migración, IA generativa, data y seguridad en AWS para maximizar valor y continuidad a tu negocio."
https://www.escala24x7.com/soluciones-de-inteligencia-artificial,"Soluciones con enfoque Cloud Done Right®: migración, IA generativa, data y seguridad en AWS para maximizar valor y continuidad a tu negocio."
https://www.escala24x7.com/soluciones-de-seguridad,"Soluciones con enfoque Cloud Done Right®: migración, IA generativa, data y seguridad en AWS para maximizar valor y continuidad a tu negocio."
